{
  "client": [
    {
      "services": {
        "appinvite_service": {
          "status": 1
        }, 
        "analytics_service": {
          "status": 0
        }
      }, 
      "oauth_client": [
        {
          "client_id": "363283179706-s2drqplpb2l5ndn3ou3bq6r5ba7udi54.apps.googleusercontent.com"
        }
      ], 
      "api_key": [
        {
          "current_key": "AIzaSyDAxYQ8pukGCSQpAnUMaBkOSlKd51BYEWA"
        }
      ], 
      "client_info": {
        "mobilesdk_app_id": "1:363283179706:ios:63fb35607cec277aa6ba83", 
        "android_client_info": {
          "package_name": "com.goomzilla.BeatSwiper"
        }
      }
    }
  ], 
  "configuration_version": "1", 
  "project_info": {
    "storage_bucket": "beat-swiper.appspot.com", 
    "project_id": "beat-swiper", 
    "firebase_url": "https://beat-swiper.firebaseio.com", 
    "project_number": "363283179706"
  }
}