{
  "project_info": {
    "project_number": "363283179706",
    "firebase_url": "https://beat-swiper.firebaseio.com",
    "project_id": "beat-swiper",
    "storage_bucket": "beat-swiper.appspot.com"
  },
  "client": [
    {
      "client_info": {
        "mobilesdk_app_id": "1:363283179706:android:25319454ba1ed8a6a6ba83",
        "android_client_info": {
          "package_name": "com.goomzilla.BeatSwiper"
        }
      },
      "oauth_client": [
        {
          "client_id": "363283179706-pt2u18sc3e8dba8iir42h0s76oge9ie7.apps.googleusercontent.com",
          "client_type": 3
        }
      ],
      "api_key": [
        {
          "current_key": "AIzaSyBeooc0qAXrhZ9WqltYmP0GUr-zPi7NEv0"
        }
      ],
      "services": {
        "appinvite_service": {
          "other_platform_oauth_client": [
            {
              "client_id": "363283179706-pt2u18sc3e8dba8iir42h0s76oge9ie7.apps.googleusercontent.com",
              "client_type": 3
            }
          ]
        }
      }
    }
  ],
  "configuration_version": "1"
}