{
"instructions_readme": "1) Open Chrome, 2) go to chrome://tracing, 3) click Load, 4) navigate to this file.",

"traceEvents":[
{ "pid": 1, "tid": 1, "ph": "M", "name": "thread_name", "args": { "name": "" } },
{ "pid": 1, "tid": 1, "ts": 5.71099994704127, "dur": 89280992.1875, "ph": "X", "name": "il2cpp.exe", "args": { "durationMS": 89280.9921875, "detail": "" } },
{ "pid": 1, "tid": 1, "ts": 693093.139648438, "dur": 88584101.5625, "ph": "X", "name": "ConvertAssemblies", "args": { "durationMS": 88584.1015625, "detail": "" } },
{ "pid": 1, "tid": 1, "ts": 751527.282714844, "dur": 1099118.89648438, "ph": "X", "name": "Collect assemblies to convert", "args": { "durationMS": 1099.11889648438, "detail": "" } },
{ "pid": 1, "tid": 1, "ts": 1851366.45507813, "dur": 166254.852294922, "ph": "X", "name": "RegisterCorlib", "args": { "durationMS": 166.254852294922, "detail": "" } },
{ "pid": 1, "tid": 1, "ts": 2018169.18945313, "dur": 225738.708496094, "ph": "X", "name": "PreProcessIL", "args": { "durationMS": 225.738708496094, "detail": "" } },
{ "pid": 1, "tid": 1, "ts": 2018169.67773438, "dur": 39141.0255432129, "ph": "X", "name": "Inject base types and finalizers into COM and Windows Runtime types", "args": { "durationMS": 39.1410255432129, "detail": "" } },
{ "pid": 1, "tid": 1, "ts": 2018709.9609375, "dur": 20583.6009979248, "ph": "X", "name": "ModifyCOMAndWindowsRuntimeTypes in assembly", "args": { "durationMS": 20.5836009979248, "detail": "mscorlib" } },
{ "pid": 1, "tid": 1, "ts": 2039295.28808594, "dur": 6819.87571716309, "ph": "X", "name": "ModifyCOMAndWindowsRuntimeTypes in assembly", "args": { "durationMS": 6.81987571716309, "detail": "System" } },
{ "pid": 1, "tid": 1, "ts": 2046944.3359375, "dur": 1091.72296524048, "ph": "X", "name": "ModifyCOMAndWindowsRuntimeTypes in assembly", "args": { "durationMS": 1.09172296524048, "detail": "System.Core" } },
{ "pid": 1, "tid": 1, "ts": 2048090.33203125, "dur": 1867.27499961853, "ph": "X", "name": "ModifyCOMAndWindowsRuntimeTypes in assembly", "args": { "durationMS": 1.86727499961853, "detail": "UnityEngine.CoreModule" } },
{ "pid": 1, "tid": 1, "ts": 2050735.3515625, "dur": 453.923016786575, "ph": "X", "name": "ModifyCOMAndWindowsRuntimeTypes in assembly", "args": { "durationMS": 0.453923016786575, "detail": "UnityEngine.UI" } },
{ "pid": 1, "tid": 1, "ts": 2051538.33007813, "dur": 2528.63597869873, "ph": "X", "name": "ModifyCOMAndWindowsRuntimeTypes in assembly", "args": { "durationMS": 2.52863597869873, "detail": "BGDatabase" } },
{ "pid": 1, "tid": 1, "ts": 2055670.16601563, "dur": 1635.06102561951, "ph": "X", "name": "ModifyCOMAndWindowsRuntimeTypes in assembly", "args": { "durationMS": 1.63506102561951, "detail": "Assembly-CSharp" } },
{ "pid": 1, "tid": 1, "ts": 2057311.03515625, "dur": 186595.458984375, "ph": "X", "name": "ApplyDefaultMarshalAsAttribute", "args": { "durationMS": 186.595458984375, "detail": "" } },
{ "pid": 1, "tid": 1, "ts": 2057899.4140625, "dur": 63405.8265686035, "ph": "X", "name": "ApplyDefaultMarshalAsAttributeVisitor in assembly", "args": { "durationMS": 63.4058265686035, "detail": "mscorlib" } },
{ "pid": 1, "tid": 1, "ts": 2121307.12890625, "dur": 33127.1514892578, "ph": "X", "name": "ApplyDefaultMarshalAsAttributeVisitor in assembly", "args": { "durationMS": 33.1271514892578, "detail": "System" } },
{ "pid": 1, "tid": 1, "ts": 2154435.79101563, "dur": 1685.29808521271, "ph": "X", "name": "ApplyDefaultMarshalAsAttributeVisitor in assembly", "args": { "durationMS": 1.68529808521271, "detail": "Mono.Security" } },
{ "pid": 1, "tid": 1, "ts": 2156233.64257813, "dur": 4487.72287368774, "ph": "X", "name": "ApplyDefaultMarshalAsAttributeVisitor in assembly", "args": { "durationMS": 4.48772287368774, "detail": "System.Core" } },
{ "pid": 1, "tid": 1, "ts": 2160876.22070313, "dur": 5157.47499465942, "ph": "X", "name": "ApplyDefaultMarshalAsAttributeVisitor in assembly", "args": { "durationMS": 5.15747499465942, "detail": "UnityEngine.CoreModule" } },
{ "pid": 1, "tid": 1, "ts": 2167688.96484375, "dur": 903.007984161377, "ph": "X", "name": "ApplyDefaultMarshalAsAttributeVisitor in assembly", "args": { "durationMS": 0.903007984161377, "detail": "UnityEngine.IMGUIModule" } },
{ "pid": 1, "tid": 1, "ts": 2169260.49804688, "dur": 681.69903755188, "ph": "X", "name": "ApplyDefaultMarshalAsAttributeVisitor in assembly", "args": { "durationMS": 0.68169903755188, "detail": "UnityEngine.UNETModule" } },
{ "pid": 1, "tid": 1, "ts": 2170300.29296875, "dur": 405.499994754791, "ph": "X", "name": "ApplyDefaultMarshalAsAttributeVisitor in assembly", "args": { "durationMS": 0.405499994754791, "detail": "Firebase.Platform" } },
{ "pid": 1, "tid": 1, "ts": 2170706.54296875, "dur": 8161.03839874268, "ph": "X", "name": "ApplyDefaultMarshalAsAttributeVisitor in assembly", "args": { "durationMS": 8.16103839874268, "detail": "Security" } },
{ "pid": 1, "tid": 1, "ts": 2179200.68359375, "dur": 411.409974098206, "ph": "X", "name": "ApplyDefaultMarshalAsAttributeVisitor in assembly", "args": { "durationMS": 0.411409974098206, "detail": "UnityEngine.Purchasing" } },
{ "pid": 1, "tid": 1, "ts": 2179612.79296875, "dur": 2613.19613456726, "ph": "X", "name": "ApplyDefaultMarshalAsAttributeVisitor in assembly", "args": { "durationMS": 2.61319613456726, "detail": "UnityEngine.UI" } },
{ "pid": 1, "tid": 1, "ts": 2182405.76171875, "dur": 747.301995754242, "ph": "X", "name": "ApplyDefaultMarshalAsAttributeVisitor in assembly", "args": { "durationMS": 0.747301995754242, "detail": "Firebase.App" } },
{ "pid": 1, "tid": 1, "ts": 2183153.80859375, "dur": 1308.30299854279, "ph": "X", "name": "ApplyDefaultMarshalAsAttributeVisitor in assembly", "args": { "durationMS": 1.30830299854279, "detail": "Stores" } },
{ "pid": 1, "tid": 1, "ts": 2184462.890625, "dur": 691.268980503082, "ph": "X", "name": "ApplyDefaultMarshalAsAttributeVisitor in assembly", "args": { "durationMS": 0.691268980503082, "detail": "Unity.ResourceManager" } },
{ "pid": 1, "tid": 1, "ts": 2185154.78515625, "dur": 6261.305809021, "ph": "X", "name": "ApplyDefaultMarshalAsAttributeVisitor in assembly", "args": { "durationMS": 6.261305809021, "detail": "BGDatabase" } },
{ "pid": 1, "tid": 1, "ts": 2191785.88867188, "dur": 2319.66209411621, "ph": "X", "name": "ApplyDefaultMarshalAsAttributeVisitor in assembly", "args": { "durationMS": 2.31966209411621, "detail": "DOTween" } },
{ "pid": 1, "tid": 1, "ts": 2194106.93359375, "dur": 18021.7037200928, "ph": "X", "name": "ApplyDefaultMarshalAsAttributeVisitor in assembly", "args": { "durationMS": 18.0217037200928, "detail": "Facebook.Unity" } },
{ "pid": 1, "tid": 1, "ts": 2212564.94140625, "dur": 347.148984670639, "ph": "X", "name": "ApplyDefaultMarshalAsAttributeVisitor in assembly", "args": { "durationMS": 0.347148984670639, "detail": "Firebase.Database" } },
{ "pid": 1, "tid": 1, "ts": 2213254.8828125, "dur": 380.680978298187, "ph": "X", "name": "ApplyDefaultMarshalAsAttributeVisitor in assembly", "args": { "durationMS": 0.380680978298187, "detail": "NAudio" } },
{ "pid": 1, "tid": 1, "ts": 2214196.77734375, "dur": 1393.75793933868, "ph": "X", "name": "ApplyDefaultMarshalAsAttributeVisitor in assembly", "args": { "durationMS": 1.39375793933868, "detail": "Unity.Postprocessing.Runtime" } },
{ "pid": 1, "tid": 1, "ts": 2215688.4765625, "dur": 2743.40295791626, "ph": "X", "name": "ApplyDefaultMarshalAsAttributeVisitor in assembly", "args": { "durationMS": 2.74340295791626, "detail": "Unity.TextMeshPro" } },
{ "pid": 1, "tid": 1, "ts": 2218538.33007813, "dur": 757.500052452087, "ph": "X", "name": "ApplyDefaultMarshalAsAttributeVisitor in assembly", "args": { "durationMS": 0.757500052452087, "detail": "Unity.RenderPipelines.Lightweight.Runtime" } },
{ "pid": 1, "tid": 1, "ts": 2219296.14257813, "dur": 2185.44888496399, "ph": "X", "name": "ApplyDefaultMarshalAsAttributeVisitor in assembly", "args": { "durationMS": 2.18544888496399, "detail": "com.unity.multiplayer-hlapi.Runtime" } },
{ "pid": 1, "tid": 1, "ts": 2221482.421875, "dur": 664.516985416412, "ph": "X", "name": "ApplyDefaultMarshalAsAttributeVisitor in assembly", "args": { "durationMS": 0.664516985416412, "detail": "Assembly-CSharp-firstpass" } },
{ "pid": 1, "tid": 1, "ts": 2222147.4609375, "dur": 21749.0863800049, "ph": "X", "name": "ApplyDefaultMarshalAsAttributeVisitor in assembly", "args": { "durationMS": 21.7490863800049, "detail": "Assembly-CSharp" } },
{ "pid": 1, "tid": 1, "ts": 2244371.09375, "dur": 19870.0199127197, "ph": "X", "name": "WriteResources", "args": { "durationMS": 19.8700199127197, "detail": "" } },
{ "pid": 1, "tid": 1, "ts": 2264774.90234375, "dur": 60672.5082397461, "ph": "X", "name": "CopyEtcFolder", "args": { "durationMS": 60.6725082397461, "detail": "" } },
{ "pid": 1, "tid": 1, "ts": 2326936.5234375, "dur": 1087457.88574219, "ph": "X", "name": "PreProcessStage", "args": { "durationMS": 1087.45788574219, "detail": "" } },
{ "pid": 1, "tid": 1, "ts": 3414410.40039063, "dur": 5223.05679321289, "ph": "X", "name": "Debugger Sequence Points", "args": { "durationMS": 5.22305679321289, "detail": "" } },
{ "pid": 1, "tid": 1, "ts": 3421232.66601563, "dur": 11313641.6015625, "ph": "X", "name": "Generics Collection", "args": { "durationMS": 11313.6416015625, "detail": "" } },
{ "pid": 1, "tid": 1, "ts": 3421233.15429688, "dur": 11014499.0234375, "ph": "X", "name": "GenericsCollector.Collect", "args": { "durationMS": 11014.4990234375, "detail": "" } },
{ "pid": 1, "tid": 1, "ts": 14435733.3984375, "dur": 292457.122802734, "ph": "X", "name": "CollectGenericVirtualMethods.Collect", "args": { "durationMS": 292.457122802734, "detail": "" } },
{ "pid": 1, "tid": 1, "ts": 14728191.40625, "dur": 4849.56312179565, "ph": "X", "name": "AddExtraTypes", "args": { "durationMS": 4.84956312179565, "detail": "" } },
{ "pid": 1, "tid": 1, "ts": 14734875, "dur": 12727.2682189941, "ph": "X", "name": "Add Windows Runtime type names", "args": { "durationMS": 12.7272682189941, "detail": "" } },
{ "pid": 1, "tid": 1, "ts": 14734875, "dur": 12725.4934310913, "ph": "X", "name": "Add Windows Runtime type names", "args": { "durationMS": 12.7254934310913, "detail": "" } },
{ "pid": 1, "tid": 1, "ts": 14779364.2578125, "dur": 31374218.75, "ph": "X", "name": "AllAssemblyConversion", "args": { "durationMS": 31374.21875, "detail": "" } },
{ "pid": 1, "tid": 1, "ts": 14812092.7734375, "dur": 8040800.78125, "ph": "X", "name": "Convert", "args": { "durationMS": 8040.80078125, "detail": "mscorlib" } },
{ "pid": 1, "tid": 1, "ts": 14812096.6796875, "dur": 8040795.8984375, "ph": "X", "name": "Code", "args": { "durationMS": 8040.7958984375, "detail": "" } },
{ "pid": 1, "tid": 1, "ts": 14813657.2265625, "dur": 8039234.375, "ph": "X", "name": "Methods", "args": { "durationMS": 8039.234375, "detail": "Definitions" } },
{ "pid": 1, "tid": 1, "ts": 22870667.96875, "dur": 2681515.625, "ph": "X", "name": "Convert", "args": { "durationMS": 2681.515625, "detail": "System" } },
{ "pid": 1, "tid": 1, "ts": 22870671.875, "dur": 2681512.20703125, "ph": "X", "name": "Code", "args": { "durationMS": 2681.51220703125, "detail": "" } },
{ "pid": 1, "tid": 1, "ts": 22870898.4375, "dur": 2681283.203125, "ph": "X", "name": "Methods", "args": { "durationMS": 2681.283203125, "detail": "Definitions" } },
{ "pid": 1, "tid": 1, "ts": 25572550.78125, "dur": 353454.58984375, "ph": "X", "name": "Convert", "args": { "durationMS": 353.45458984375, "detail": "Mono.Security" } },
{ "pid": 1, "tid": 1, "ts": 25572554.6875, "dur": 353450.805664063, "ph": "X", "name": "Code", "args": { "durationMS": 353.450805664063, "detail": "" } },
{ "pid": 1, "tid": 1, "ts": 25572603.515625, "dur": 353400.054931641, "ph": "X", "name": "Methods", "args": { "durationMS": 353.400054931641, "detail": "Definitions" } },
{ "pid": 1, "tid": 1, "ts": 25949984.375, "dur": 9880.87177276611, "ph": "X", "name": "Convert", "args": { "durationMS": 9.88087177276611, "detail": "System.Configuration" } },
{ "pid": 1, "tid": 1, "ts": 25949988.28125, "dur": 9877.14195251465, "ph": "X", "name": "Code", "args": { "durationMS": 9.87714195251465, "detail": "" } },
{ "pid": 1, "tid": 1, "ts": 25950005.859375, "dur": 9859.7993850708, "ph": "X", "name": "Methods", "args": { "durationMS": 9.8597993850708, "detail": "Definitions" } },
{ "pid": 1, "tid": 1, "ts": 25981628.90625, "dur": 7585.27803421021, "ph": "X", "name": "Convert", "args": { "durationMS": 7.58527803421021, "detail": "System.Xml" } },
{ "pid": 1, "tid": 1, "ts": 25981632.8125, "dur": 7581.69078826904, "ph": "X", "name": "Code", "args": { "durationMS": 7.58169078826904, "detail": "" } },
{ "pid": 1, "tid": 1, "ts": 25981650.390625, "dur": 7564.6538734436, "ph": "X", "name": "Methods", "args": { "durationMS": 7.5646538734436, "detail": "Definitions" } },
{ "pid": 1, "tid": 1, "ts": 26011183.59375, "dur": 385147.583007813, "ph": "X", "name": "Convert", "args": { "durationMS": 385.147583007813, "detail": "System.Core" } },
{ "pid": 1, "tid": 1, "ts": 26011185.546875, "dur": 385144.134521484, "ph": "X", "name": "Code", "args": { "durationMS": 385.144134521484, "detail": "" } },
{ "pid": 1, "tid": 1, "ts": 26011271.484375, "dur": 385058.197021484, "ph": "X", "name": "Methods", "args": { "durationMS": 385.058197021484, "detail": "Definitions" } },
{ "pid": 1, "tid": 1, "ts": 26414962.890625, "dur": 26023.9849090576, "ph": "X", "name": "Convert", "args": { "durationMS": 26.0239849090576, "detail": "UnityEngine.SharedInternalsModule" } },
{ "pid": 1, "tid": 1, "ts": 26414966.796875, "dur": 26020.4238891602, "ph": "X", "name": "Code", "args": { "durationMS": 26.0204238891602, "detail": "" } },
{ "pid": 1, "tid": 1, "ts": 26414996.09375, "dur": 25987.455368042, "ph": "X", "name": "Methods", "args": { "durationMS": 25.987455368042, "detail": "Definitions" } },
{ "pid": 1, "tid": 1, "ts": 26462873.046875, "dur": 1270791.74804688, "ph": "X", "name": "Convert", "args": { "durationMS": 1270.79174804688, "detail": "UnityEngine.CoreModule" } },
{ "pid": 1, "tid": 1, "ts": 26462875, "dur": 1270788.0859375, "ph": "X", "name": "Code", "args": { "durationMS": 1270.7880859375, "detail": "" } },
{ "pid": 1, "tid": 1, "ts": 26463156.25, "dur": 1270506.71386719, "ph": "X", "name": "Methods", "args": { "durationMS": 1270.50671386719, "detail": "Definitions" } },
{ "pid": 1, "tid": 1, "ts": 27754496.09375, "dur": 45209.5146179199, "ph": "X", "name": "Convert", "args": { "durationMS": 45.2095146179199, "detail": "UnityEngine.PhysicsModule" } },
{ "pid": 1, "tid": 1, "ts": 27754500, "dur": 45205.5358886719, "ph": "X", "name": "Code", "args": { "durationMS": 45.2055358886719, "detail": "" } },
{ "pid": 1, "tid": 1, "ts": 27754519.53125, "dur": 45185.9588623047, "ph": "X", "name": "Methods", "args": { "durationMS": 45.1859588623047, "detail": "Definitions" } },
{ "pid": 1, "tid": 1, "ts": 27819599.609375, "dur": 11444.3254470825, "ph": "X", "name": "Convert", "args": { "durationMS": 11.4443254470825, "detail": "UnityEngine.AssetBundleModule" } },
{ "pid": 1, "tid": 1, "ts": 27819605.46875, "dur": 11438.1437301636, "ph": "X", "name": "Code", "args": { "durationMS": 11.4381437301636, "detail": "" } },
{ "pid": 1, "tid": 1, "ts": 27819626.953125, "dur": 11417.1342849731, "ph": "X", "name": "Methods", "args": { "durationMS": 11.4171342849731, "detail": "Definitions" } },
{ "pid": 1, "tid": 1, "ts": 27850037.109375, "dur": 39460.9451293945, "ph": "X", "name": "Convert", "args": { "durationMS": 39.4609451293945, "detail": "UnityEngine.AudioModule" } },
{ "pid": 1, "tid": 1, "ts": 27850041.015625, "dur": 39457.1762084961, "ph": "X", "name": "Code", "args": { "durationMS": 39.4571762084961, "detail": "" } },
{ "pid": 1, "tid": 1, "ts": 27850056.640625, "dur": 39438.3354187012, "ph": "X", "name": "Methods", "args": { "durationMS": 39.4383354187012, "detail": "Definitions" } },
{ "pid": 1, "tid": 1, "ts": 27915679.6875, "dur": 3067.18802452087, "ph": "X", "name": "Convert", "args": { "durationMS": 3.06718802452087, "detail": "UnityEngine.ImageConversionModule" } },
{ "pid": 1, "tid": 1, "ts": 27915683.59375, "dur": 3062.91508674622, "ph": "X", "name": "Code", "args": { "durationMS": 3.06291508674622, "detail": "" } },
{ "pid": 1, "tid": 1, "ts": 27915693.359375, "dur": 3050.78196525574, "ph": "X", "name": "Methods", "args": { "durationMS": 3.05078196525574, "detail": "Definitions" } },
{ "pid": 1, "tid": 1, "ts": 27942212.890625, "dur": 6037.94145584106, "ph": "X", "name": "Convert", "args": { "durationMS": 6.03794145584106, "detail": "UnityEngine.JSONSerializeModule" } },
{ "pid": 1, "tid": 1, "ts": 27942216.796875, "dur": 6033.82873535156, "ph": "X", "name": "Code", "args": { "durationMS": 6.03382873535156, "detail": "" } },
{ "pid": 1, "tid": 1, "ts": 27942224.609375, "dur": 6023.0598449707, "ph": "X", "name": "Methods", "args": { "durationMS": 6.0230598449707, "detail": "Definitions" } },
{ "pid": 1, "tid": 1, "ts": 27970611.328125, "dur": 47933.3381652832, "ph": "X", "name": "Convert", "args": { "durationMS": 47.9333381652832, "detail": "UnityEngine.TextRenderingModule" } },
{ "pid": 1, "tid": 1, "ts": 27970615.234375, "dur": 47929.5997619629, "ph": "X", "name": "Code", "args": { "durationMS": 47.9295997619629, "detail": "" } },
{ "pid": 1, "tid": 1, "ts": 27970632.8125, "dur": 47911.1366271973, "ph": "X", "name": "Methods", "args": { "durationMS": 47.9111366271973, "detail": "Definitions" } },
{ "pid": 1, "tid": 1, "ts": 28046554.6875, "dur": 110282.188415527, "ph": "X", "name": "Convert", "args": { "durationMS": 110.282188415527, "detail": "UnityEngine.UnityWebRequestModule" } },
{ "pid": 1, "tid": 1, "ts": 28046558.59375, "dur": 110278.030395508, "ph": "X", "name": "Code", "args": { "durationMS": 110.278030395508, "detail": "" } },
{ "pid": 1, "tid": 1, "ts": 28046583.984375, "dur": 110249.359130859, "ph": "X", "name": "Methods", "args": { "durationMS": 110.249359130859, "detail": "Definitions" } },
{ "pid": 1, "tid": 1, "ts": 28179310.546875, "dur": 98482.4295043945, "ph": "X", "name": "Convert", "args": { "durationMS": 98.4824295043945, "detail": "UnityEngine.XRModule" } },
{ "pid": 1, "tid": 1, "ts": 28179312.5, "dur": 98478.515625, "ph": "X", "name": "Code", "args": { "durationMS": 98.478515625, "detail": "" } },
{ "pid": 1, "tid": 1, "ts": 28179357.421875, "dur": 98433.0062866211, "ph": "X", "name": "Methods", "args": { "durationMS": 98.4330062866211, "detail": "Definitions" } },
{ "pid": 1, "tid": 1, "ts": 28302707.03125, "dur": 65888.0004882813, "ph": "X", "name": "Convert", "args": { "durationMS": 65.8880004882813, "detail": "UnityEngine.AnimationModule" } },
{ "pid": 1, "tid": 1, "ts": 28302710.9375, "dur": 65883.5906982422, "ph": "X", "name": "Code", "args": { "durationMS": 65.8835906982422, "detail": "" } },
{ "pid": 1, "tid": 1, "ts": 28302751.953125, "dur": 65841.9494628906, "ph": "X", "name": "Methods", "args": { "durationMS": 65.8419494628906, "detail": "Definitions" } },
{ "pid": 1, "tid": 1, "ts": 28389527.34375, "dur": 74704.0023803711, "ph": "X", "name": "Convert", "args": { "durationMS": 74.7040023803711, "detail": "UnityEngine.GameCenterModule" } },
{ "pid": 1, "tid": 1, "ts": 28389539.0625, "dur": 74692.7871704102, "ph": "X", "name": "Code", "args": { "durationMS": 74.6927871704102, "detail": "" } },
{ "pid": 1, "tid": 1, "ts": 28389583.984375, "dur": 74644.8211669922, "ph": "X", "name": "Methods", "args": { "durationMS": 74.6448211669922, "detail": "Definitions" } },
{ "pid": 1, "tid": 1, "ts": 28490433.59375, "dur": 458649.261474609, "ph": "X", "name": "Convert", "args": { "durationMS": 458.649261474609, "detail": "UnityEngine.IMGUIModule" } },
{ "pid": 1, "tid": 1, "ts": 28490437.5, "dur": 458644.927978516, "ph": "X", "name": "Code", "args": { "durationMS": 458.644927978516, "detail": "" } },
{ "pid": 1, "tid": 1, "ts": 28490472.65625, "dur": 458607.940673828, "ph": "X", "name": "Methods", "args": { "durationMS": 458.607940673828, "detail": "Definitions" } },
{ "pid": 1, "tid": 1, "ts": 28969443.359375, "dur": 8250.86212158203, "ph": "X", "name": "Convert", "args": { "durationMS": 8.25086212158203, "detail": "UnityEngine.InputModule" } },
{ "pid": 1, "tid": 1, "ts": 28969445.3125, "dur": 8247.22290039063, "ph": "X", "name": "Code", "args": { "durationMS": 8.24722290039063, "detail": "" } },
{ "pid": 1, "tid": 1, "ts": 28969457.03125, "dur": 8234.29679870605, "ph": "X", "name": "Methods", "args": { "durationMS": 8.23429679870605, "detail": "Definitions" } },
{ "pid": 1, "tid": 1, "ts": 28999492.1875, "dur": 26643.3715820313, "ph": "X", "name": "Convert", "args": { "durationMS": 26.6433715820313, "detail": "UnityEngine.ParticleSystemModule" } },
{ "pid": 1, "tid": 1, "ts": 28999496.09375, "dur": 26639.0800476074, "ph": "X", "name": "Code", "args": { "durationMS": 26.6390800476074, "detail": "" } },
{ "pid": 1, "tid": 1, "ts": 28999509.765625, "dur": 26622.8942871094, "ph": "X", "name": "Methods", "args": { "durationMS": 26.6228942871094, "detail": "Definitions" } },
{ "pid": 1, "tid": 1, "ts": 29048224.609375, "dur": 42332.6034545898, "ph": "X", "name": "Convert", "args": { "durationMS": 42.3326034545898, "detail": "UnityEngine.Physics2DModule" } },
{ "pid": 1, "tid": 1, "ts": 29048226.5625, "dur": 42328.742980957, "ph": "X", "name": "Code", "args": { "durationMS": 42.328742980957, "detail": "" } },
{ "pid": 1, "tid": 1, "ts": 29048244.140625, "dur": 42313.2743835449, "ph": "X", "name": "Methods", "args": { "durationMS": 42.3132743835449, "detail": "Definitions" } },
{ "pid": 1, "tid": 1, "ts": 29110878.90625, "dur": 61166.0232543945, "ph": "X", "name": "Convert", "args": { "durationMS": 61.1660232543945, "detail": "UnityEngine.TextCoreModule" } },
{ "pid": 1, "tid": 1, "ts": 29110880.859375, "dur": 61162.2886657715, "ph": "X", "name": "Code", "args": { "durationMS": 61.1622886657715, "detail": "" } },
{ "pid": 1, "tid": 1, "ts": 29110900.390625, "dur": 61143.3601379395, "ph": "X", "name": "Methods", "args": { "durationMS": 61.1433601379395, "detail": "Definitions" } },
{ "pid": 1, "tid": 1, "ts": 29191935.546875, "dur": 34768.9628601074, "ph": "X", "name": "Convert", "args": { "durationMS": 34.7689628601074, "detail": "UnityEngine.UIModule" } },
{ "pid": 1, "tid": 1, "ts": 29191941.40625, "dur": 34765.5372619629, "ph": "X", "name": "Code", "args": { "durationMS": 34.7655372619629, "detail": "" } },
{ "pid": 1, "tid": 1, "ts": 29191960.9375, "dur": 34744.5182800293, "ph": "X", "name": "Methods", "args": { "durationMS": 34.7445182800293, "detail": "Definitions" } },
{ "pid": 1, "tid": 1, "ts": 29249066.40625, "dur": 183481.979370117, "ph": "X", "name": "Convert", "args": { "durationMS": 183.481979370117, "detail": "UnityEngine.UNETModule" } },
{ "pid": 1, "tid": 1, "ts": 29249070.3125, "dur": 183477.951049805, "ph": "X", "name": "Code", "args": { "durationMS": 183.477951049805, "detail": "" } },
{ "pid": 1, "tid": 1, "ts": 29249109.375, "dur": 183436.676025391, "ph": "X", "name": "Methods", "args": { "durationMS": 183.436676025391, "detail": "Definitions" } },
{ "pid": 1, "tid": 1, "ts": 29452828.125, "dur": 23688.0855560303, "ph": "X", "name": "Convert", "args": { "durationMS": 23.6880855560303, "detail": "UnityEngine.UnityAnalyticsModule" } },
{ "pid": 1, "tid": 1, "ts": 29452830.078125, "dur": 23684.5512390137, "ph": "X", "name": "Code", "args": { "durationMS": 23.6845512390137, "detail": "" } },
{ "pid": 1, "tid": 1, "ts": 29452847.65625, "dur": 23668.3750152588, "ph": "X", "name": "Methods", "args": { "durationMS": 23.6683750152588, "detail": "Definitions" } },
{ "pid": 1, "tid": 1, "ts": 29494939.453125, "dur": 5742.66672134399, "ph": "X", "name": "Convert", "args": { "durationMS": 5.74266672134399, "detail": "UnityEngine.UnityWebRequestAudioModule" } },
{ "pid": 1, "tid": 1, "ts": 29494941.40625, "dur": 5739.14003372192, "ph": "X", "name": "Code", "args": { "durationMS": 5.73914003372192, "detail": "" } },
{ "pid": 1, "tid": 1, "ts": 29494949.21875, "dur": 5730.49926757813, "ph": "X", "name": "Methods", "args": { "durationMS": 5.73049926757813, "detail": "Definitions" } },
{ "pid": 1, "tid": 1, "ts": 29519832.03125, "dur": 16481.014251709, "ph": "X", "name": "Convert", "args": { "durationMS": 16.481014251709, "detail": "UnityEngine.UnityWebRequestWWWModule" } },
{ "pid": 1, "tid": 1, "ts": 29519835.9375, "dur": 16477.3960113525, "ph": "X", "name": "Code", "args": { "durationMS": 16.4773960113525, "detail": "" } },
{ "pid": 1, "tid": 1, "ts": 29519847.65625, "dur": 16465.59715271, "ph": "X", "name": "Methods", "args": { "durationMS": 16.46559715271, "detail": "Definitions" } },
{ "pid": 1, "tid": 1, "ts": 29556599.609375, "dur": 4735.24904251099, "ph": "X", "name": "Convert", "args": { "durationMS": 4.73524904251099, "detail": "UnityEngine.VRModule" } },
{ "pid": 1, "tid": 1, "ts": 29556603.515625, "dur": 4731.55164718628, "ph": "X", "name": "Code", "args": { "durationMS": 4.73155164718628, "detail": "" } },
{ "pid": 1, "tid": 1, "ts": 29556611.328125, "dur": 4720.09801864624, "ph": "X", "name": "Methods", "args": { "durationMS": 4.72009801864624, "detail": "Definitions" } },
{ "pid": 1, "tid": 1, "ts": 29581423.828125, "dur": 31595.5390930176, "ph": "X", "name": "Convert", "args": { "durationMS": 31.5955390930176, "detail": "Purchasing.Common" } },
{ "pid": 1, "tid": 1, "ts": 29581427.734375, "dur": 31591.8483734131, "ph": "X", "name": "Code", "args": { "durationMS": 31.5918483734131, "detail": "" } },
{ "pid": 1, "tid": 1, "ts": 29581445.3125, "dur": 31573.3680725098, "ph": "X", "name": "Methods", "args": { "durationMS": 31.5733680725098, "detail": "Definitions" } },
{ "pid": 1, "tid": 1, "ts": 29631681.640625, "dur": 918.780028820038, "ph": "X", "name": "Convert", "args": { "durationMS": 0.918780028820038, "detail": "Unity.Compat" } },
{ "pid": 1, "tid": 1, "ts": 29631685.546875, "dur": 915.241956710815, "ph": "X", "name": "Code", "args": { "durationMS": 0.915241956710815, "detail": "" } },
{ "pid": 1, "tid": 1, "ts": 29631697.265625, "dur": 905.468046665192, "ph": "X", "name": "Methods", "args": { "durationMS": 0.905468046665192, "detail": "Definitions" } },
{ "pid": 1, "tid": 1, "ts": 29649998.046875, "dur": 1328.46999168396, "ph": "X", "name": "Convert", "args": { "durationMS": 1.32846999168396, "detail": "Unity.Tasks" } },
{ "pid": 1, "tid": 1, "ts": 29650000, "dur": 1324.81205463409, "ph": "X", "name": "Code", "args": { "durationMS": 1.32481205463409, "detail": "" } },
{ "pid": 1, "tid": 1, "ts": 29650009.765625, "dur": 1316.34104251862, "ph": "X", "name": "Methods", "args": { "durationMS": 1.31634104251862, "detail": "Definitions" } },
{ "pid": 1, "tid": 1, "ts": 29669066.40625, "dur": 895.676016807556, "ph": "X", "name": "Convert", "args": { "durationMS": 0.895676016807556, "detail": "UnityEngine" } },
{ "pid": 1, "tid": 1, "ts": 29669068.359375, "dur": 892.259001731873, "ph": "X", "name": "Code", "args": { "durationMS": 0.892259001731873, "detail": "" } },
{ "pid": 1, "tid": 1, "ts": 29669078.125, "dur": 882.774949073792, "ph": "X", "name": "Methods", "args": { "durationMS": 0.882774949073792, "detail": "Definitions" } },
{ "pid": 1, "tid": 1, "ts": 29687980.46875, "dur": 9824.11766052246, "ph": "X", "name": "Convert", "args": { "durationMS": 9.82411766052246, "detail": "Apple" } },
{ "pid": 1, "tid": 1, "ts": 29687984.375, "dur": 9820.31631469727, "ph": "X", "name": "Code", "args": { "durationMS": 9.82031631469727, "detail": "" } },
{ "pid": 1, "tid": 1, "ts": 29687998.046875, "dur": 9804.18872833252, "ph": "X", "name": "Methods", "args": { "durationMS": 9.80418872833252, "detail": "Definitions" } },
{ "pid": 1, "tid": 1, "ts": 29714804.6875, "dur": 3942.50178337097, "ph": "X", "name": "Convert", "args": { "durationMS": 3.94250178337097, "detail": "FacebookStore" } },
{ "pid": 1, "tid": 1, "ts": 29714806.640625, "dur": 3938.97008895874, "ph": "X", "name": "Code", "args": { "durationMS": 3.93897008895874, "detail": "" } },
{ "pid": 1, "tid": 1, "ts": 29714818.359375, "dur": 3925.76313018799, "ph": "X", "name": "Methods", "args": { "durationMS": 3.92576313018799, "detail": "Definitions" } },
{ "pid": 1, "tid": 1, "ts": 29737740.234375, "dur": 119834.930419922, "ph": "X", "name": "Convert", "args": { "durationMS": 119.834930419922, "detail": "Firebase.Platform" } },
{ "pid": 1, "tid": 1, "ts": 29737744.140625, "dur": 119830.986022949, "ph": "X", "name": "Code", "args": { "durationMS": 119.830986022949, "detail": "" } },
{ "pid": 1, "tid": 1, "ts": 29737785.15625, "dur": 119787.406921387, "ph": "X", "name": "Methods", "args": { "durationMS": 119.787406921387, "detail": "Definitions" } },
{ "pid": 1, "tid": 1, "ts": 29880005.859375, "dur": 117323.204040527, "ph": "X", "name": "Convert", "args": { "durationMS": 117.323204040527, "detail": "Security" } },
{ "pid": 1, "tid": 1, "ts": 29880009.765625, "dur": 117319.175720215, "ph": "X", "name": "Code", "args": { "durationMS": 117.319175720215, "detail": "" } },
{ "pid": 1, "tid": 1, "ts": 29880037.109375, "dur": 117292.778015137, "ph": "X", "name": "Methods", "args": { "durationMS": 117.292778015137, "detail": "Definitions" } },
{ "pid": 1, "tid": 1, "ts": 30018822.265625, "dur": 5151.57508850098, "ph": "X", "name": "Convert", "args": { "durationMS": 5.15157508850098, "detail": "Tizen" } },
{ "pid": 1, "tid": 1, "ts": 30018824.21875, "dur": 5147.92823791504, "ph": "X", "name": "Code", "args": { "durationMS": 5.14792823791504, "detail": "" } },
{ "pid": 1, "tid": 1, "ts": 30018841.796875, "dur": 5131.05297088623, "ph": "X", "name": "Methods", "args": { "durationMS": 5.13105297088623, "detail": "Definitions" } },
{ "pid": 1, "tid": 1, "ts": 30044648.4375, "dur": 73999.2294311523, "ph": "X", "name": "Convert", "args": { "durationMS": 73.9992294311523, "detail": "UDP" } },
{ "pid": 1, "tid": 1, "ts": 30044652.34375, "dur": 73995.5520629883, "ph": "X", "name": "Code", "args": { "durationMS": 73.9955520629883, "detail": "" } },
{ "pid": 1, "tid": 1, "ts": 30044681.640625, "dur": 73964.8132324219, "ph": "X", "name": "Methods", "args": { "durationMS": 73.9648132324219, "detail": "Definitions" } },
{ "pid": 1, "tid": 1, "ts": 30138146.484375, "dur": 85695.9686279297, "ph": "X", "name": "Convert", "args": { "durationMS": 85.6959686279297, "detail": "UnityEngine.Purchasing" } },
{ "pid": 1, "tid": 1, "ts": 30138150.390625, "dur": 85692.268371582, "ph": "X", "name": "Code", "args": { "durationMS": 85.692268371582, "detail": "" } },
{ "pid": 1, "tid": 1, "ts": 30138189.453125, "dur": 85651.6799926758, "ph": "X", "name": "Methods", "args": { "durationMS": 85.6516799926758, "detail": "Definitions" } },
{ "pid": 1, "tid": 1, "ts": 30244835.9375, "dur": 2101576.90429688, "ph": "X", "name": "Convert", "args": { "durationMS": 2101.57690429688, "detail": "UnityEngine.UI" } },
{ "pid": 1, "tid": 1, "ts": 30244841.796875, "dur": 2101572.99804688, "ph": "X", "name": "Code", "args": { "durationMS": 2101.57299804688, "detail": "" } },
{ "pid": 1, "tid": 1, "ts": 30244970.703125, "dur": 2101444.3359375, "ph": "X", "name": "Methods", "args": { "durationMS": 2101.4443359375, "detail": "Definitions" } },
{ "pid": 1, "tid": 1, "ts": 32366705.078125, "dur": 3878.22103500366, "ph": "X", "name": "Convert", "args": { "durationMS": 3.87822103500366, "detail": "winrt" } },
{ "pid": 1, "tid": 1, "ts": 32366710.9375, "dur": 3874.67122077942, "ph": "X", "name": "Code", "args": { "durationMS": 3.87467122077942, "detail": "" } },
{ "pid": 1, "tid": 1, "ts": 32366726.5625, "dur": 3857.93089866638, "ph": "X", "name": "Methods", "args": { "durationMS": 3.85793089866638, "detail": "Definitions" } },
{ "pid": 1, "tid": 1, "ts": 32388511.71875, "dur": 20496.0098266602, "ph": "X", "name": "Convert", "args": { "durationMS": 20.4960098266602, "detail": "Facebook.Unity.Settings" } },
{ "pid": 1, "tid": 1, "ts": 32388513.671875, "dur": 20492.4812316895, "ph": "X", "name": "Code", "args": { "durationMS": 20.4924812316895, "detail": "" } },
{ "pid": 1, "tid": 1, "ts": 32388529.296875, "dur": 20479.4406890869, "ph": "X", "name": "Methods", "args": { "durationMS": 20.4794406890869, "detail": "Definitions" } },
{ "pid": 1, "tid": 1, "ts": 32425822.265625, "dur": 219763.336181641, "ph": "X", "name": "Convert", "args": { "durationMS": 219.763336181641, "detail": "Firebase.App" } },
{ "pid": 1, "tid": 1, "ts": 32425824.21875, "dur": 219759.994506836, "ph": "X", "name": "Code", "args": { "durationMS": 219.759994506836, "detail": "" } },
{ "pid": 1, "tid": 1, "ts": 32425857.421875, "dur": 219724.731445313, "ph": "X", "name": "Methods", "args": { "durationMS": 219.724731445313, "detail": "Definitions" } },
{ "pid": 1, "tid": 1, "ts": 32668271.484375, "dur": 445946.716308594, "ph": "X", "name": "Convert", "args": { "durationMS": 445.946716308594, "detail": "Stores" } },
{ "pid": 1, "tid": 1, "ts": 32668273.4375, "dur": 445943.084716797, "ph": "X", "name": "Code", "args": { "durationMS": 445.943084716797, "detail": "" } },
{ "pid": 1, "tid": 1, "ts": 32668361.328125, "dur": 445854.766845703, "ph": "X", "name": "Methods", "args": { "durationMS": 445.854766845703, "detail": "Definitions" } },
{ "pid": 1, "tid": 1, "ts": 33134304.6875, "dur": 126801.071166992, "ph": "X", "name": "Convert", "args": { "durationMS": 126.801071166992, "detail": "Unity.ResourceManager" } },
{ "pid": 1, "tid": 1, "ts": 33134308.59375, "dur": 126797.012329102, "ph": "X", "name": "Code", "args": { "durationMS": 126.797012329102, "detail": "" } },
{ "pid": 1, "tid": 1, "ts": 33134363.28125, "dur": 126742.210388184, "ph": "X", "name": "Methods", "args": { "durationMS": 126.742210388184, "detail": "Definitions" } },
{ "pid": 1, "tid": 1, "ts": 33281484.375, "dur": 2105674.56054688, "ph": "X", "name": "Convert", "args": { "durationMS": 2105.67456054688, "detail": "BGDatabase" } },
{ "pid": 1, "tid": 1, "ts": 33281488.28125, "dur": 2105670.65429688, "ph": "X", "name": "Code", "args": { "durationMS": 2105.67065429688, "detail": "" } },
{ "pid": 1, "tid": 1, "ts": 33281843.75, "dur": 2105313.4765625, "ph": "X", "name": "Methods", "args": { "durationMS": 2105.3134765625, "detail": "Definitions" } },
{ "pid": 1, "tid": 1, "ts": 35404542.96875, "dur": 36383.7661743164, "ph": "X", "name": "Convert", "args": { "durationMS": 36.3837661743164, "detail": "Boo.Lang" } },
{ "pid": 1, "tid": 1, "ts": 35404546.875, "dur": 36380.2032470703, "ph": "X", "name": "Code", "args": { "durationMS": 36.3802032470703, "detail": "" } },
{ "pid": 1, "tid": 1, "ts": 35404566.40625, "dur": 36358.7341308594, "ph": "X", "name": "Methods", "args": { "durationMS": 36.3587341308594, "detail": "Definitions" } },
{ "pid": 1, "tid": 1, "ts": 35456941.40625, "dur": 102791.809082031, "ph": "X", "name": "Convert", "args": { "durationMS": 102.791809082031, "detail": "ContentReader" } },
{ "pid": 1, "tid": 1, "ts": 35456949.21875, "dur": 102788.414001465, "ph": "X", "name": "Code", "args": { "durationMS": 102.788414001465, "detail": "" } },
{ "pid": 1, "tid": 1, "ts": 35456964.84375, "dur": 102769.439697266, "ph": "X", "name": "Methods", "args": { "durationMS": 102.769439697266, "detail": "Definitions" } },
{ "pid": 1, "tid": 1, "ts": 35579441.40625, "dur": 731820.068359375, "ph": "X", "name": "Convert", "args": { "durationMS": 731.820068359375, "detail": "DOTween" } },
{ "pid": 1, "tid": 1, "ts": 35579445.3125, "dur": 731816.467285156, "ph": "X", "name": "Code", "args": { "durationMS": 731.816467285156, "detail": "" } },
{ "pid": 1, "tid": 1, "ts": 35579621.09375, "dur": 731638.549804688, "ph": "X", "name": "Methods", "args": { "durationMS": 731.638549804688, "detail": "Definitions" } },
{ "pid": 1, "tid": 1, "ts": 36332519.53125, "dur": 313038.360595703, "ph": "X", "name": "Convert", "args": { "durationMS": 313.038360595703, "detail": "Facebook.Unity" } },
{ "pid": 1, "tid": 1, "ts": 36332523.4375, "dur": 313034.545898438, "ph": "X", "name": "Code", "args": { "durationMS": 313.034545898438, "detail": "" } },
{ "pid": 1, "tid": 1, "ts": 36332609.375, "dur": 312948.516845703, "ph": "X", "name": "Methods", "args": { "durationMS": 312.948516845703, "detail": "Definitions" } },
{ "pid": 1, "tid": 1, "ts": 36684312.5, "dur": 47186.164855957, "ph": "X", "name": "Convert", "args": { "durationMS": 47.186164855957, "detail": "Firebase.Analytics" } },
{ "pid": 1, "tid": 1, "ts": 36684316.40625, "dur": 47180.965423584, "ph": "X", "name": "Code", "args": { "durationMS": 47.180965423584, "detail": "" } },
{ "pid": 1, "tid": 1, "ts": 36684343.75, "dur": 47157.1197509766, "ph": "X", "name": "Methods", "args": { "durationMS": 47.1571197509766, "detail": "Definitions" } },
{ "pid": 1, "tid": 1, "ts": 36757738.28125, "dur": 105037.002563477, "ph": "X", "name": "Convert", "args": { "durationMS": 105.037002563477, "detail": "Firebase.Auth" } },
{ "pid": 1, "tid": 1, "ts": 36757742.1875, "dur": 105032.379150391, "ph": "X", "name": "Code", "args": { "durationMS": 105.032379150391, "detail": "" } },
{ "pid": 1, "tid": 1, "ts": 36757777.34375, "dur": 104994.346618652, "ph": "X", "name": "Methods", "args": { "durationMS": 104.994346618652, "detail": "Definitions" } },
{ "pid": 1, "tid": 1, "ts": 36881703.125, "dur": 154084.823608398, "ph": "X", "name": "Convert", "args": { "durationMS": 154.084823608398, "detail": "Firebase.Database" } },
{ "pid": 1, "tid": 1, "ts": 36881707.03125, "dur": 154081.237792969, "ph": "X", "name": "Code", "args": { "durationMS": 154.081237792969, "detail": "" } },
{ "pid": 1, "tid": 1, "ts": 36881734.375, "dur": 154049.14855957, "ph": "X", "name": "Methods", "args": { "durationMS": 154.04914855957, "detail": "Definitions" } },
{ "pid": 1, "tid": 1, "ts": 37112996.09375, "dur": 43108.5433959961, "ph": "X", "name": "Convert", "args": { "durationMS": 43.1085433959961, "detail": "Firebase.Messaging" } },
{ "pid": 1, "tid": 1, "ts": 37113000, "dur": 43104.8545837402, "ph": "X", "name": "Code", "args": { "durationMS": 43.1048545837402, "detail": "" } },
{ "pid": 1, "tid": 1, "ts": 37113023.4375, "dur": 43085.7467651367, "ph": "X", "name": "Methods", "args": { "durationMS": 43.0857467651367, "detail": "Definitions" } },
{ "pid": 1, "tid": 1, "ts": 37174578.125, "dur": 41438.1332397461, "ph": "X", "name": "Convert", "args": { "durationMS": 41.4381332397461, "detail": "Firebase.RemoteConfig" } },
{ "pid": 1, "tid": 1, "ts": 37174582.03125, "dur": 41434.6160888672, "ph": "X", "name": "Code", "args": { "durationMS": 41.4346160888672, "detail": "" } },
{ "pid": 1, "tid": 1, "ts": 37174601.5625, "dur": 41415.9812927246, "ph": "X", "name": "Methods", "args": { "durationMS": 41.4159812927246, "detail": "Definitions" } },
{ "pid": 1, "tid": 1, "ts": 37233386.71875, "dur": 146471.176147461, "ph": "X", "name": "Convert", "args": { "durationMS": 146.471176147461, "detail": "NAudio" } },
{ "pid": 1, "tid": 1, "ts": 37233390.625, "dur": 146467.239379883, "ph": "X", "name": "Code", "args": { "durationMS": 146.467239379883, "detail": "" } },
{ "pid": 1, "tid": 1, "ts": 37233429.6875, "dur": 146428.726196289, "ph": "X", "name": "Methods", "args": { "durationMS": 146.428726196289, "detail": "Definitions" } },
{ "pid": 1, "tid": 1, "ts": 37397640.625, "dur": 102871.513366699, "ph": "X", "name": "Convert", "args": { "durationMS": 102.871513366699, "detail": "Unity.Addressables" } },
{ "pid": 1, "tid": 1, "ts": 37397644.53125, "dur": 102867.729187012, "ph": "X", "name": "Code", "args": { "durationMS": 102.867729187012, "detail": "" } },
{ "pid": 1, "tid": 1, "ts": 37397671.875, "dur": 102838.508605957, "ph": "X", "name": "Methods", "args": { "durationMS": 102.838508605957, "detail": "Definitions" } },
{ "pid": 1, "tid": 1, "ts": 37520496.09375, "dur": 61424.6253967285, "ph": "X", "name": "Convert", "args": { "durationMS": 61.4246253967285, "detail": "Unity.Notifications.iOS" } },
{ "pid": 1, "tid": 1, "ts": 37520500, "dur": 61420.6809997559, "ph": "X", "name": "Code", "args": { "durationMS": 61.4206809997559, "detail": "" } },
{ "pid": 1, "tid": 1, "ts": 37520527.34375, "dur": 61389.3623352051, "ph": "X", "name": "Methods", "args": { "durationMS": 61.3893623352051, "detail": "Definitions" } },
{ "pid": 1, "tid": 1, "ts": 37603496.09375, "dur": 579520.080566406, "ph": "X", "name": "Convert", "args": { "durationMS": 579.520080566406, "detail": "Unity.Postprocessing.Runtime" } },
{ "pid": 1, "tid": 1, "ts": 37603496.09375, "dur": 579516.174316406, "ph": "X", "name": "Code", "args": { "durationMS": 579.516174316406, "detail": "" } },
{ "pid": 1, "tid": 1, "ts": 37603593.75, "dur": 579421.264648438, "ph": "X", "name": "Methods", "args": { "durationMS": 579.421264648438, "detail": "Definitions" } },
{ "pid": 1, "tid": 1, "ts": 38202210.9375, "dur": 16865.291595459, "ph": "X", "name": "Convert", "args": { "durationMS": 16.865291595459, "detail": "Unity.RenderPipelines.Core.Runtime" } },
{ "pid": 1, "tid": 1, "ts": 38202214.84375, "dur": 16861.1621856689, "ph": "X", "name": "Code", "args": { "durationMS": 16.8611621856689, "detail": "" } },
{ "pid": 1, "tid": 1, "ts": 38202226.5625, "dur": 16846.4908599854, "ph": "X", "name": "Methods", "args": { "durationMS": 16.8464908599854, "detail": "Definitions" } },
{ "pid": 1, "tid": 1, "ts": 38236996.09375, "dur": 1590958.37402344, "ph": "X", "name": "Convert", "args": { "durationMS": 1590.95837402344, "detail": "Unity.TextMeshPro" } },
{ "pid": 1, "tid": 1, "ts": 38237000, "dur": 1590953.49121094, "ph": "X", "name": "Code", "args": { "durationMS": 1590.95349121094, "detail": "" } },
{ "pid": 1, "tid": 1, "ts": 38237089.84375, "dur": 1590862.42675781, "ph": "X", "name": "Methods", "args": { "durationMS": 1590.86242675781, "detail": "Definitions" } },
{ "pid": 1, "tid": 1, "ts": 39850285.15625, "dur": 1790.66598415375, "ph": "X", "name": "Convert", "args": { "durationMS": 1.79066598415375, "detail": "Facebook.Unity.Android" } },
{ "pid": 1, "tid": 1, "ts": 39850289.0625, "dur": 1786.72504425049, "ph": "X", "name": "Code", "args": { "durationMS": 1.78672504425049, "detail": "" } },
{ "pid": 1, "tid": 1, "ts": 39850300.78125, "dur": 1775.55799484253, "ph": "X", "name": "Methods", "args": { "durationMS": 1.77555799484253, "detail": "Definitions" } },
{ "pid": 1, "tid": 1, "ts": 39883500, "dur": 23277.3494720459, "ph": "X", "name": "Convert", "args": { "durationMS": 23.2773494720459, "detail": "Facebook.Unity.IOS" } },
{ "pid": 1, "tid": 1, "ts": 39883503.90625, "dur": 23273.6835479736, "ph": "X", "name": "Code", "args": { "durationMS": 23.2736835479736, "detail": "" } },
{ "pid": 1, "tid": 1, "ts": 39883515.625, "dur": 23261.589050293, "ph": "X", "name": "Methods", "args": { "durationMS": 23.261589050293, "detail": "Definitions" } },
{ "pid": 1, "tid": 1, "ts": 39931058.59375, "dur": 295450.988769531, "ph": "X", "name": "Convert", "args": { "durationMS": 295.450988769531, "detail": "Unity.RenderPipelines.Lightweight.Runtime" } },
{ "pid": 1, "tid": 1, "ts": 39931058.59375, "dur": 295447.021484375, "ph": "X", "name": "Code", "args": { "durationMS": 295.447021484375, "detail": "" } },
{ "pid": 1, "tid": 1, "ts": 39931097.65625, "dur": 295402.374267578, "ph": "X", "name": "Methods", "args": { "durationMS": 295.402374267578, "detail": "Definitions" } },
{ "pid": 1, "tid": 1, "ts": 40251859.375, "dur": 895993.65234375, "ph": "X", "name": "Convert", "args": { "durationMS": 895.99365234375, "detail": "com.unity.multiplayer-hlapi.Runtime" } },
{ "pid": 1, "tid": 1, "ts": 40251863.28125, "dur": 895988.525390625, "ph": "X", "name": "Code", "args": { "durationMS": 895.988525390625, "detail": "" } },
{ "pid": 1, "tid": 1, "ts": 40251984.375, "dur": 895868.408203125, "ph": "X", "name": "Methods", "args": { "durationMS": 895.868408203125, "detail": "Definitions" } },
{ "pid": 1, "tid": 1, "ts": 41166394.53125, "dur": 417323.120117188, "ph": "X", "name": "Convert", "args": { "durationMS": 417.323120117188, "detail": "Assembly-CSharp-firstpass" } },
{ "pid": 1, "tid": 1, "ts": 41166398.4375, "dur": 417319.488525391, "ph": "X", "name": "Code", "args": { "durationMS": 417.319488525391, "detail": "" } },
{ "pid": 1, "tid": 1, "ts": 41166421.875, "dur": 417296.081542969, "ph": "X", "name": "Methods", "args": { "durationMS": 417.296081542969, "detail": "Definitions" } },
{ "pid": 1, "tid": 1, "ts": 41606722.65625, "dur": 4546843.75, "ph": "X", "name": "Convert", "args": { "durationMS": 4546.84375, "detail": "Assembly-CSharp" } },
{ "pid": 1, "tid": 1, "ts": 41606726.5625, "dur": 4546839.35546875, "ph": "X", "name": "Code", "args": { "durationMS": 4546.83935546875, "detail": "" } },
{ "pid": 1, "tid": 1, "ts": 41607375, "dur": 4546195.80078125, "ph": "X", "name": "Methods", "args": { "durationMS": 4546.19580078125, "detail": "Definitions" } },
{ "pid": 1, "tid": 1, "ts": 46153582.03125, "dur": 29861554.6875, "ph": "X", "name": "WriteGenerics", "args": { "durationMS": 29861.5546875, "detail": "" } },
{ "pid": 1, "tid": 1, "ts": 46180609.375, "dur": 76879.3182373047, "ph": "X", "name": "Arrays Definitions", "args": { "durationMS": 76.8793182373047, "detail": "" } },
{ "pid": 1, "tid": 1, "ts": 46258308.59375, "dur": 3784267.82226563, "ph": "X", "name": "GenericInstanceMethods", "args": { "durationMS": 3784.26782226563, "detail": "" } },
{ "pid": 1, "tid": 1, "ts": 50042578.125, "dur": 23579533.203125, "ph": "X", "name": "GenericInstanceTypes", "args": { "durationMS": 23579.533203125, "detail": "" } },
{ "pid": 1, "tid": 1, "ts": 73622726.5625, "dur": 2392369.38476563, "ph": "X", "name": "GenericComDefinitions", "args": { "durationMS": 2392.36938476563, "detail": "" } },
{ "pid": 1, "tid": 1, "ts": 76039554.6875, "dur": 581.062018871307, "ph": "X", "name": "Executable Processing", "args": { "durationMS": 0.581062018871307, "detail": "" } },
{ "pid": 1, "tid": 1, "ts": 76049390.625, "dur": 1608883.05664063, "ph": "X", "name": "MetadataCollector", "args": { "durationMS": 1608.88305664063, "detail": "" } },
{ "pid": 1, "tid": 1, "ts": 76055718.75, "dur": 41404.670715332, "ph": "X", "name": "UpdateEmptyTokens", "args": { "durationMS": 41.404670715332, "detail": "" } },
{ "pid": 1, "tid": 1, "ts": 76101625, "dur": 47029.0908813477, "ph": "X", "name": "ValidateTokens", "args": { "durationMS": 47.0290908813477, "detail": "" } },
{ "pid": 1, "tid": 1, "ts": 77659164.0625, "dur": 5287.28008270264, "ph": "X", "name": "Write COM Callable Wrappers", "args": { "durationMS": 5.28728008270264, "detail": "" } },
{ "pid": 1, "tid": 1, "ts": 77663609.375, "dur": 848.443031311035, "ph": "X", "name": "Collect implemented projected interfaces by COM Callable Wrappers", "args": { "durationMS": 0.848443031311035, "detail": "" } },
{ "pid": 1, "tid": 1, "ts": 77664460.9375, "dur": 11607326.171875, "ph": "X", "name": "Metadata", "args": { "durationMS": 11607.326171875, "detail": "Global" } },
{ "pid": 1, "tid": 1, "ts": 77874976.5625, "dur": 1979085.32714844, "ph": "X", "name": "Attributes", "args": { "durationMS": 1979.08532714844, "detail": "" } },
{ "pid": 1, "tid": 1, "ts": 80863046.875, "dur": 2012381.10351563, "ph": "X", "name": "WriteCodeRegistration", "args": { "durationMS": 2012.38110351563, "detail": "" } },
{ "pid": 1, "tid": 1, "ts": 81001546.875, "dur": 12347.1565246582, "ph": "X", "name": "GenericContextCollector", "args": { "durationMS": 12.3471565246582, "detail": "Collect" } },
{ "pid": 1, "tid": 1, "ts": 81096835.9375, "dur": 516.022026538849, "ph": "X", "name": "GenericContextCollector", "args": { "durationMS": 0.516022026538849, "detail": "Collect" } },
{ "pid": 1, "tid": 1, "ts": 81140093.75, "dur": 4646.32511138916, "ph": "X", "name": "GenericContextCollector", "args": { "durationMS": 4.64632511138916, "detail": "Collect" } },
{ "pid": 1, "tid": 1, "ts": 81276015.625, "dur": 948.480010032654, "ph": "X", "name": "GenericContextCollector", "args": { "durationMS": 0.948480010032654, "detail": "Collect" } },
{ "pid": 1, "tid": 1, "ts": 81340671.875, "dur": 465.296983718872, "ph": "X", "name": "GenericContextCollector", "args": { "durationMS": 0.465296983718872, "detail": "Collect" } },
{ "pid": 1, "tid": 1, "ts": 81382882.8125, "dur": 482.350021600723, "ph": "X", "name": "GenericContextCollector", "args": { "durationMS": 0.482350021600723, "detail": "Collect" } },
{ "pid": 1, "tid": 1, "ts": 81409664.0625, "dur": 421.847999095917, "ph": "X", "name": "GenericContextCollector", "args": { "durationMS": 0.421847999095917, "detail": "Collect" } },
{ "pid": 1, "tid": 1, "ts": 81457265.625, "dur": 2468.61386299133, "ph": "X", "name": "GenericContextCollector", "args": { "durationMS": 2.46861386299133, "detail": "Collect" } },
{ "pid": 1, "tid": 1, "ts": 81482632.8125, "dur": 388.884007930756, "ph": "X", "name": "GenericContextCollector", "args": { "durationMS": 0.388884007930756, "detail": "Collect" } },
{ "pid": 1, "tid": 1, "ts": 81557757.8125, "dur": 978.00600528717, "ph": "X", "name": "GenericContextCollector", "args": { "durationMS": 0.97800600528717, "detail": "Collect" } },
{ "pid": 1, "tid": 1, "ts": 81600429.6875, "dur": 378.3999979496, "ph": "X", "name": "GenericContextCollector", "args": { "durationMS": 0.3783999979496, "detail": "Collect" } },
{ "pid": 1, "tid": 1, "ts": 81720476.5625, "dur": 1675.73201656342, "ph": "X", "name": "GenericContextCollector", "args": { "durationMS": 1.67573201656342, "detail": "Collect" } },
{ "pid": 1, "tid": 1, "ts": 81743015.625, "dur": 13982.3455810547, "ph": "X", "name": "ReversePInvokerWrapperTable", "args": { "durationMS": 13.9823455810547, "detail": "Il2CppReversePInvokeWrapperTable.cpp" } },
{ "pid": 1, "tid": 1, "ts": 81758085.9375, "dur": 771436.584472656, "ph": "X", "name": "GenericMethodPointerTable", "args": { "durationMS": 771.436584472656, "detail": "Il2CppGenericMethodPointerTable.cpp" } },
{ "pid": 1, "tid": 1, "ts": 82530179.6875, "dur": 297390.991210938, "ph": "X", "name": "InvokerTable", "args": { "durationMS": 297.390991210938, "detail": "Il2CppInvokerTable.cpp" } },
{ "pid": 1, "tid": 1, "ts": 82830320.3125, "dur": 36712.3260498047, "ph": "X", "name": "InteropDataTable", "args": { "durationMS": 36.7123260498047, "detail": "Il2CppInteropDataTable.cpp" } },
{ "pid": 1, "tid": 1, "ts": 82875429.6875, "dur": 6396356.93359375, "ph": "X", "name": "WriteMetadata", "args": { "durationMS": 6396.35693359375, "detail": "" } },
{ "pid": 1, "tid": 1, "ts": 83280882.8125, "dur": 15907.1655273438, "ph": "X", "name": "Metadata", "args": { "durationMS": 15.9071655273438, "detail": "Collect string literals" } },
{ "pid": 1, "tid": 1, "ts": 83945156.25, "dur": 464108.581542969, "ph": "X", "name": "GenericClasses", "args": { "durationMS": 464.108581542969, "detail": "" } },
{ "pid": 1, "tid": 1, "ts": 84409257.8125, "dur": 159728.744506836, "ph": "X", "name": "GenericInst2", "args": { "durationMS": 159.728744506836, "detail": "" } },
{ "pid": 1, "tid": 1, "ts": 84569000, "dur": 1941031.86035156, "ph": "X", "name": "GenericMethods", "args": { "durationMS": 1941.03186035156, "detail": "" } },
{ "pid": 1, "tid": 1, "ts": 86510031.25, "dur": 770900.451660156, "ph": "X", "name": "Il2CppTypes", "args": { "durationMS": 770.900451660156, "detail": "" } },
{ "pid": 1, "tid": 1, "ts": 87280921.875, "dur": 502009.735107422, "ph": "X", "name": "GenericMethods", "args": { "durationMS": 502.009735107422, "detail": "" } },
{ "pid": 1, "tid": 1, "ts": 87782937.5, "dur": 699341.003417969, "ph": "X", "name": "CompilerCalculateTypeValues", "args": { "durationMS": 699.341003417969, "detail": "" } },
{ "pid": 1, "tid": 1, "ts": 88482281.25, "dur": 4565.43493270874, "ph": "X", "name": "Registration", "args": { "durationMS": 4.56543493270874, "detail": "" } },
{ "pid": 1, "tid": 1, "ts": 88487132.8125, "dur": 16136.9800567627, "ph": "X", "name": "StringLiteralWriter", "args": { "durationMS": 16.1369800567627, "detail": "" } },
{ "pid": 1, "tid": 1, "ts": 88504351.5625, "dur": 8472.3424911499, "ph": "X", "name": "Metadata Strings", "args": { "durationMS": 8.4723424911499, "detail": "" } },
{ "pid": 1, "tid": 1, "ts": 88512843.75, "dur": 10961.8835449219, "ph": "X", "name": "Events", "args": { "durationMS": 10.9618835449219, "detail": "" } },
{ "pid": 1, "tid": 1, "ts": 88523796.875, "dur": 27848.2131958008, "ph": "X", "name": "Properties", "args": { "durationMS": 27.8482131958008, "detail": "" } },
{ "pid": 1, "tid": 1, "ts": 88551656.25, "dur": 386007.171630859, "ph": "X", "name": "Methods", "args": { "durationMS": 386.007171630859, "detail": "" } },
{ "pid": 1, "tid": 1, "ts": 88937656.25, "dur": 1965.5669927597, "ph": "X", "name": "Parameter Default Values", "args": { "durationMS": 1.9655669927597, "detail": "" } },
{ "pid": 1, "tid": 1, "ts": 88939632.8125, "dur": 3958.96100997925, "ph": "X", "name": "Field Default Values", "args": { "durationMS": 3.95896100997925, "detail": "" } },
{ "pid": 1, "tid": 1, "ts": 88943585.9375, "dur": 884.490013122559, "ph": "X", "name": "Field and Parameter Default Values Data", "args": { "durationMS": 0.884490013122559, "detail": "" } },
{ "pid": 1, "tid": 1, "ts": 88944476.5625, "dur": 1460.5450630188, "ph": "X", "name": "Field Marshaled Sizes", "args": { "durationMS": 1.4605450630188, "detail": "" } },
{ "pid": 1, "tid": 1, "ts": 88945937.5, "dur": 51043.3692932129, "ph": "X", "name": "Parameters", "args": { "durationMS": 51.0433692932129, "detail": "" } },
{ "pid": 1, "tid": 1, "ts": 88996984.375, "dur": 30028.6540985107, "ph": "X", "name": "Fields", "args": { "durationMS": 30.0286540985107, "detail": "" } },
{ "pid": 1, "tid": 1, "ts": 89027015.625, "dur": 2975.04591941833, "ph": "X", "name": "Generic Parameters", "args": { "durationMS": 2.97504591941833, "detail": "" } },
{ "pid": 1, "tid": 1, "ts": 89029984.375, "dur": 1241.56999588013, "ph": "X", "name": "Generic Parameter Constraints", "args": { "durationMS": 1.24156999588013, "detail": "" } },
{ "pid": 1, "tid": 1, "ts": 89031234.375, "dur": 2405.47394752502, "ph": "X", "name": "Generic Containers", "args": { "durationMS": 2.40547394752502, "detail": "" } },
{ "pid": 1, "tid": 1, "ts": 89033640.625, "dur": 691.015005111694, "ph": "X", "name": "Nested Types", "args": { "durationMS": 0.691015005111694, "detail": "" } },
{ "pid": 1, "tid": 1, "ts": 89034328.125, "dur": 681.384027004242, "ph": "X", "name": "Interfaces", "args": { "durationMS": 0.681384027004242, "detail": "" } },
{ "pid": 1, "tid": 1, "ts": 89035007.8125, "dur": 3997.34401702881, "ph": "X", "name": "VTables", "args": { "durationMS": 3.99734401702881, "detail": "" } },
{ "pid": 1, "tid": 1, "ts": 89039000, "dur": 3226.02915763855, "ph": "X", "name": "Interface Offsets", "args": { "durationMS": 3.22602915763855, "detail": "" } },
{ "pid": 1, "tid": 1, "ts": 89042226.5625, "dur": 163525.146484375, "ph": "X", "name": "Type Definitions", "args": { "durationMS": 163.525146484375, "detail": "" } },
{ "pid": 1, "tid": 1, "ts": 89205757.8125, "dur": 9302.22415924072, "ph": "X", "name": "Images", "args": { "durationMS": 9.30222415924072, "detail": "" } },
{ "pid": 1, "tid": 1, "ts": 89215070.3125, "dur": 4315.18983840942, "ph": "X", "name": "Assemblies", "args": { "durationMS": 4.31518983840942, "detail": "" } },
{ "pid": 1, "tid": 1, "ts": 89219375, "dur": 3196.65002822876, "ph": "X", "name": "Metadata Usage Lists", "args": { "durationMS": 3.19665002822876, "detail": "" } },
{ "pid": 1, "tid": 1, "ts": 89222578.125, "dur": 10361.7601394653, "ph": "X", "name": "Metadata Usage Pairs", "args": { "durationMS": 10.3617601394653, "detail": "" } },
{ "pid": 1, "tid": 1, "ts": 89232945.3125, "dur": 730.967998504639, "ph": "X", "name": "Field Refs", "args": { "durationMS": 0.730967998504639, "detail": "" } },
{ "pid": 1, "tid": 1, "ts": 89233664.0625, "dur": 1402.82905101776, "ph": "X", "name": "Referenced Assemblies", "args": { "durationMS": 1.40282905101776, "detail": "" } },
{ "pid": 1, "tid": 1, "ts": 89235078.125, "dur": 3861.72795295715, "ph": "X", "name": "Attribute Types Ranges", "args": { "durationMS": 3.86172795295715, "detail": "" } },
{ "pid": 1, "tid": 1, "ts": 89238937.5, "dur": 2023.1659412384, "ph": "X", "name": "Attribute Types", "args": { "durationMS": 2.0231659412384, "detail": "" } },
{ "pid": 1, "tid": 1, "ts": 89240960.9375, "dur": 660.084962844849, "ph": "X", "name": "Unresolved Virtual Call Parameter Types", "args": { "durationMS": 0.660084962844849, "detail": "" } },
{ "pid": 1, "tid": 1, "ts": 89241625, "dur": 1816.24400615692, "ph": "X", "name": "Unresolved Virtual Call Parameter Ranges", "args": { "durationMS": 1.81624400615692, "detail": "" } },
{ "pid": 1, "tid": 1, "ts": 89243437.5, "dur": 1052.53398418427, "ph": "X", "name": "Windows Runtime type names", "args": { "durationMS": 1.05253398418427, "detail": "" } },
{ "pid": 1, "tid": 1, "ts": 89244484.375, "dur": 2823.74811172485, "ph": "X", "name": "Exported Types", "args": { "durationMS": 2.82374811172485, "detail": "" } }
],
"meta_datetime": "06/08/2020 22:23:35",
"meta_command_line_args": "/Applications/Unity/Hub/Editor/2019.1.9f1/Unity.app/Contents/il2cpp/build/il2cppcore/il2cppcore.dll --convert-to-cpp --emit-null-checks --enable-array-bounds-check --dotnetprofile=unityaot --profiler-report --map-file-parser=/Applications/Unity/Hub/Editor/2019.1.9f1/Unity.app/Contents/Tools/MapFileParser/MapFileParser --directory=/Users/apple/Documents/UNITY/BeatSaber/Temp/StagingArea/Data/Managed --generatedcppdir=/Users/apple/Documents/UNITY/BeatSaber/Temp/il2cppOutput/il2cppOutput",
"meta_cpu_count": "8"}
