<linker>
	<assembly fullname="UnityEngine">
		<type fullname="UnityEngine.Component" preserve="nothing"/>
		<type fullname="UnityEngine.Object" preserve="nothing"/>
		<type fullname="UnityEngine.Material" preserve="nothing"/>
		<type fullname="UnityEngine.MonoBehaviour" preserve="nothing"/>
		<type fullname="UnityEditor.MonoScript" preserve="nothing"/>
		<type fullname="UnityEngine.Behaviour" preserve="nothing"/>
		<type fullname="UnityEditor.UnityConnectSettings" preserve="nothing"/>
		<type fullname="UnityEditor.VFXManager" preserve="nothing"/>
		<type fullname="UnityEditor.AudioManager" preserve="nothing"/>
		<type fullname="UnityEditor.PhysicsManager" preserve="nothing"/>
		<type fullname="UnityEngine.Shader" preserve="nothing"/>
		<type fullname="UnityEngine.TextAsset" preserve="nothing"/>
		<type fullname="UnityEditor.PlayerSettings" preserve="nothing"/>
		<type fullname="UnityEditor.TimeManager" preserve="nothing"/>
		<type fullname="UnityEditor.InputManager" preserve="nothing"/>
		<type fullname="UnityEditor.TagManager" preserve="nothing"/>
		<type fullname="UnityEditor.MonoManager" preserve="nothing"/>
		<type fullname="UnityEngine.Rendering.GraphicsSettings" preserve="nothing"/>
		<type fullname="UnityEngine.QualitySettings" preserve="nothing"/>
		<type fullname="UnityEditor.Physics2DSettings" preserve="nothing"/>
		<type fullname="UnityEngine.LineRenderer" preserve="nothing"/>
		<type fullname="UnityEngine.AudioBehaviour" preserve="nothing"/>
		<type fullname="UnityEngine.ParticleSystem" preserve="nothing"/>
		<type fullname="UnityEngine.GameObject" preserve="nothing"/>
		<type fullname="UnityEngine.ParticleSystemRenderer" preserve="nothing"/>
		<type fullname="UnityEngine.Mesh" preserve="nothing"/>
		<type fullname="UnityEngine.Transform" preserve="nothing"/>
		<type fullname="UnityEngine.Sprite" preserve="nothing"/>
		<type fullname="UnityEngine.Texture2D" preserve="nothing"/>
		<type fullname="UnityEngine.Collider" preserve="nothing"/>
		<type fullname="UnityEngine.AnimationClip" preserve="nothing"/>
		<type fullname="UnityEngine.Renderer" preserve="nothing"/>
		<type fullname="UnityEngine.Animator" preserve="nothing"/>
		<type fullname="UnityEngine.RuntimeAnimatorController" preserve="nothing"/>
		<type fullname="UnityEngine.Texture" preserve="nothing"/>
		<type fullname="UnityEngine.Camera" preserve="nothing"/>
		<type fullname="UnityEngine.Canvas" preserve="nothing"/>
		<type fullname="UnityEngine.CanvasRenderer" preserve="nothing"/>
		<type fullname="UnityEngine.RectTransform" preserve="nothing"/>
		<type fullname="UnityEngine.CanvasGroup" preserve="nothing"/>
		<type fullname="UnityEngine.Font" preserve="nothing"/>
		<type fullname="UnityEngine.MeshRenderer" preserve="nothing"/>
		<type fullname="UnityEngine.AudioClip" preserve="nothing"/>
		<type fullname="UnityEngine.Motion" preserve="nothing"/>
		<type fullname="UnityEditor.Animations.AnimatorController" preserve="nothing"/>
		<type fullname="UnityEngine.AudioListener" preserve="nothing"/>
		<type fullname="UnityEngine.LightmapSettings" preserve="nothing"/>
		<type fullname="UnityEngine.Cubemap" preserve="nothing"/>
		<type fullname="UnityEngine.MeshFilter" preserve="nothing"/>
		<type fullname="UnityEngine.SpriteRenderer" preserve="nothing"/>
		<type fullname="UnityEngine.RenderSettings" preserve="nothing"/>
		<type fullname="UnityEngine.LightProbes" preserve="nothing"/>
		<type fullname="UnityEngine.FlareLayer" preserve="nothing"/>
		<type fullname="UnityEngine.GUILayer" preserve="nothing"/>
		<type fullname="UnityEngine.CapsuleCollider" preserve="nothing"/>
		<type fullname="UnityEngine.BoxCollider" preserve="nothing"/>
		<type fullname="UnityEngine.SphereCollider" preserve="nothing"/>
		<type fullname="UnityEngine.TextMesh" preserve="nothing"/>
		<type fullname="UnityEngine.AudioSource" preserve="nothing"/>
		<type fullname="UnityEngine.Rigidbody" preserve="nothing"/>
		<type fullname="UnityEngine.Animation" preserve="nothing"/>
		<type fullname="UnityEngine.ComputeShader" preserve="nothing"/>
		<type fullname="UnityEngine.TrailRenderer" preserve="nothing"/>
	</assembly>
	<assembly fullname="Assembly-CSharp-Editor">
		<type fullname="CloudOnce.Internal.Editor.Data.CloudConfig" preserve="nothing"/>
	</assembly>
	<assembly fullname="Assembly-CSharp">
		<type fullname="AdColonyNetworkConfig" preserve="nothing"/>
		<type fullname="AdController" preserve="nothing"/>
		<type fullname="AdMobNetworkConfig" preserve="nothing"/>
		<type fullname="AdPageController" preserve="nothing"/>
		<type fullname="AllBlocksController" preserve="nothing"/>
		<type fullname="Anim_HTP0" preserve="nothing"/>
		<type fullname="Animation_EndMenu_NewScore" preserve="nothing"/>
		<type fullname="BaseMaterials" preserve="nothing"/>
		<type fullname="BigPlayButtonController" preserve="nothing"/>
		<type fullname="BlockController" preserve="nothing"/>
		<type fullname="BlockPooler" preserve="nothing"/>
		<type fullname="BringTextToLayer" preserve="nothing"/>
		<type fullname="BrokedBlock" preserve="nothing"/>
		<type fullname="Browser" preserve="nothing"/>
		<type fullname="ButtonLikeIt" preserve="nothing"/>
		<type fullname="CloudOnce.Internal.Providers.TestProvider" preserve="nothing"/>
		<type fullname="CoinSystemController" preserve="nothing"/>
		<type fullname="CustomSongAnalyser" preserve="nothing"/>
		<type fullname="CustomSongController" preserve="nothing"/>
		<type fullname="CustomSongItemController" preserve="nothing"/>
		<type fullname="CustomSongListController" preserve="nothing"/>
		<type fullname="CustomSongPanel" preserve="nothing"/>
		<type fullname="DiffButton" preserve="nothing"/>
		<type fullname="DifficultySelectionScreen" preserve="nothing"/>
		<type fullname="DirectionButtonEffect" preserve="nothing"/>
		<type fullname="DiskEffectController" preserve="nothing"/>
		<type fullname="EconomyController" preserve="nothing"/>
		<type fullname="EffectPoolController" preserve="nothing"/>
		<type fullname="EndMenu_LevelMode_Controller" preserve="nothing"/>
		<type fullname="EnvironmentSFX" preserve="nothing"/>
		<type fullname="EventController" preserve="nothing"/>
		<type fullname="EventSender" preserve="nothing"/>
		<type fullname="Event_Effect_LeftLaser" preserve="nothing"/>
		<type fullname="Event_Effect_OuterRing" preserve="nothing"/>
		<type fullname="Event_Effect_RightLaser" preserve="nothing"/>
		<type fullname="Event_Effect_TahLamp" preserve="nothing"/>
		<type fullname="Event_Effects_BBS_Lasers" preserve="nothing"/>
		<type fullname="ExtraPageController" preserve="nothing"/>
		<type fullname="FavoriteSongController" preserve="nothing"/>
		<type fullname="FooterButton" preserve="nothing"/>
		<type fullname="FooterController" preserve="nothing"/>
		<type fullname="FreeTouchController4" preserve="nothing"/>
		<type fullname="GameAnalyticsInitializer" preserve="nothing"/>
		<type fullname="GameAnalyticsSDK.Events.GA_SpecialEvents" preserve="nothing"/>
		<type fullname="GameAnalyticsSDK.GameAnalytics" preserve="nothing"/>
		<type fullname="GameAnalyticsSDK.Setup.Settings" preserve="nothing"/>
		<type fullname="GameController" preserve="nothing"/>
		<type fullname="GamePlayCameraController" preserve="nothing"/>
		<type fullname="GeneralVariables" preserve="nothing"/>
		<type fullname="GlobalManager" preserve="nothing"/>
		<type fullname="GraphicController" preserve="nothing"/>
		<type fullname="HTP_Controller_2" preserve="nothing"/>
		<type fullname="IAP_Controller" preserve="nothing"/>
		<type fullname="InGameHTP" preserve="nothing"/>
		<type fullname="Laser_Effect_RingRotator" preserve="nothing"/>
		<type fullname="LevelController" preserve="nothing"/>
		<type fullname="LevelLine" preserve="nothing"/>
		<type fullname="LevelPageController" preserve="nothing"/>
		<type fullname="LevelPortraitHeaderController" preserve="nothing"/>
		<type fullname="LevelPrefab" preserve="nothing"/>
		<type fullname="LifeController" preserve="nothing"/>
		<type fullname="LoadingSceneStuck" preserve="nothing"/>
		<type fullname="MK.Glow.LWRP.MKGlow" preserve="nothing"/>
		<type fullname="MK.Glow.Legacy.MKGlow" preserve="nothing"/>
		<type fullname="MK.Glow.Resources" preserve="nothing"/>
		<type fullname="MM_Appear" preserve="nothing"/>
		<type fullname="MM_BlockPlanner" preserve="nothing"/>
		<type fullname="MM_ButtonsColor_Mode1" preserve="nothing"/>
		<type fullname="MM_ButtonsColor_Mode2" preserve="nothing"/>
		<type fullname="MM_EffectController" preserve="nothing"/>
		<type fullname="MM_InfoShower" preserve="nothing"/>
		<type fullname="MM_InputController" preserve="nothing"/>
		<type fullname="MM_MusicController" preserve="nothing"/>
		<type fullname="MM_NoteLine" preserve="nothing"/>
		<type fullname="MM_NoteLineController" preserve="nothing"/>
		<type fullname="MM_RoadMover" preserve="nothing"/>
		<type fullname="MainObjectController" preserve="nothing"/>
		<type fullname="MapMaker" preserve="nothing"/>
		<type fullname="MoPubConsent" preserve="nothing"/>
		<type fullname="MoPubManager" preserve="nothing"/>
		<type fullname="MoPubManagerTesting" preserve="nothing"/>
		<type fullname="MobileImporter" preserve="nothing"/>
		<type fullname="MultiRowButtonController" preserve="nothing"/>
		<type fullname="MusicController" preserve="nothing"/>
		<type fullname="MyAmanotes" preserve="nothing"/>
		<type fullname="MyFireBaseMessaging" preserve="nothing"/>
		<type fullname="MyFirebaseController" preserve="nothing"/>
		<type fullname="MyLeaderBoard" preserve="nothing"/>
		<type fullname="MyMopubController" preserve="nothing"/>
		<type fullname="MyMopubListener" preserve="nothing"/>
		<type fullname="MyNotificationManagerAndriod" preserve="nothing"/>
		<type fullname="MyNotificationManagerIOS" preserve="nothing"/>
		<type fullname="MyProfiler" preserve="nothing"/>
		<type fullname="MyResources" preserve="nothing"/>
		<type fullname="NAudioImporter" preserve="nothing"/>
		<type fullname="OnScreenMessage" preserve="nothing"/>
		<type fullname="PalleteColorAssign" preserve="nothing"/>
		<type fullname="PalleteController" preserve="nothing"/>
		<type fullname="PauseScreenController" preserve="nothing"/>
		<type fullname="RadioButton" preserve="nothing"/>
		<type fullname="RateUsController" preserve="nothing"/>
		<type fullname="RemoveAdsPanel" preserve="nothing"/>
		<type fullname="ReviveController" preserve="nothing"/>
		<type fullname="RhythmTool.BeatTracker" preserve="nothing"/>
		<type fullname="RhythmTool.Chromagram" preserve="nothing"/>
		<type fullname="RhythmTool.OnsetDetector" preserve="nothing"/>
		<type fullname="RhythmTool.RhythmAnalyzer" preserve="nothing"/>
		<type fullname="RhythmTool.Segmenter" preserve="nothing"/>
		<type fullname="RhythmTool.VolumeSampler" preserve="nothing"/>
		<type fullname="RoadMover" preserve="nothing"/>
		<type fullname="RowButton" preserve="nothing"/>
		<type fullname="RythmBlockMaker" preserve="nothing"/>
		<type fullname="SRDebugger.Scripts.DebuggerTabController" preserve="nothing"/>
		<type fullname="SRDebugger.Settings" preserve="nothing"/>
		<type fullname="SRDebugger.UI.Controls.ConsoleEntryView" preserve="nothing"/>
		<type fullname="SRDebugger.UI.Controls.ConsoleLogControl" preserve="nothing"/>
		<type fullname="SRDebugger.UI.Controls.Data.ActionControl" preserve="nothing"/>
		<type fullname="SRDebugger.UI.Controls.Data.BoolControl" preserve="nothing"/>
		<type fullname="SRDebugger.UI.Controls.Data.EnumControl" preserve="nothing"/>
		<type fullname="SRDebugger.UI.Controls.Data.NumberControl" preserve="nothing"/>
		<type fullname="SRDebugger.UI.Controls.Data.ReadOnlyControl" preserve="nothing"/>
		<type fullname="SRDebugger.UI.Controls.Data.StringControl" preserve="nothing"/>
		<type fullname="SRDebugger.UI.Controls.InfoBlock" preserve="nothing"/>
		<type fullname="SRDebugger.UI.Controls.MultiTapButton" preserve="nothing"/>
		<type fullname="SRDebugger.UI.Controls.PinEntryControl" preserve="nothing"/>
		<type fullname="SRDebugger.UI.Controls.ProfilerEnableControl" preserve="nothing"/>
		<type fullname="SRDebugger.UI.Controls.ProfilerGraphAxisLabel" preserve="nothing"/>
		<type fullname="SRDebugger.UI.Controls.ProfilerGraphControl" preserve="nothing"/>
		<type fullname="SRDebugger.UI.Controls.ProfilerMemoryBlock" preserve="nothing"/>
		<type fullname="SRDebugger.UI.Controls.ProfilerMonoBlock" preserve="nothing"/>
		<type fullname="SRDebugger.UI.Controls.SRTabButton" preserve="nothing"/>
		<type fullname="SRDebugger.UI.DebugPanelRoot" preserve="nothing"/>
		<type fullname="SRDebugger.UI.MobileMenuController" preserve="nothing"/>
		<type fullname="SRDebugger.UI.Other.BugReportPopoverRoot" preserve="nothing"/>
		<type fullname="SRDebugger.UI.Other.BugReportSheetController" preserve="nothing"/>
		<type fullname="SRDebugger.UI.Other.CategoryGroup" preserve="nothing"/>
		<type fullname="SRDebugger.UI.Other.ConfigureCanvasFromSettings" preserve="nothing"/>
		<type fullname="SRDebugger.UI.Other.ConsoleTabQuickViewControl" preserve="nothing"/>
		<type fullname="SRDebugger.UI.Other.DebugPanelBackgroundBehaviour" preserve="nothing"/>
		<type fullname="SRDebugger.UI.Other.DockConsoleController" preserve="nothing"/>
		<type fullname="SRDebugger.UI.Other.HandleManager" preserve="nothing"/>
		<type fullname="SRDebugger.UI.Other.LoadingSpinnerBehaviour" preserve="nothing"/>
		<type fullname="SRDebugger.UI.Other.PinnedUIRoot" preserve="nothing"/>
		<type fullname="SRDebugger.UI.Other.SRTab" preserve="nothing"/>
		<type fullname="SRDebugger.UI.Other.SRTabController" preserve="nothing"/>
		<type fullname="SRDebugger.UI.Other.ScrollRectPatch" preserve="nothing"/>
		<type fullname="SRDebugger.UI.Other.ScrollSettingsBehaviour" preserve="nothing"/>
		<type fullname="SRDebugger.UI.Other.SetLayerFromSettings" preserve="nothing"/>
		<type fullname="SRDebugger.UI.Other.TriggerRoot" preserve="nothing"/>
		<type fullname="SRDebugger.UI.Other.VersionTextBehaviour" preserve="nothing"/>
		<type fullname="SRDebugger.UI.ProfilerFPSLabel" preserve="nothing"/>
		<type fullname="SRDebugger.UI.Tabs.BugReportTabController" preserve="nothing"/>
		<type fullname="SRDebugger.UI.Tabs.ConsoleTabController" preserve="nothing"/>
		<type fullname="SRDebugger.UI.Tabs.InfoTabController" preserve="nothing"/>
		<type fullname="SRDebugger.UI.Tabs.OptionsTabController" preserve="nothing"/>
		<type fullname="SRDebugger.UI.Tabs.ProfilerTabController" preserve="nothing"/>
		<type fullname="SRF.UI.CopyLayoutElement" preserve="nothing"/>
		<type fullname="SRF.UI.CopyPreferredSize" preserve="nothing"/>
		<type fullname="SRF.UI.CopySizeIntoLayoutElement" preserve="nothing"/>
		<type fullname="SRF.UI.DragHandle" preserve="nothing"/>
		<type fullname="SRF.UI.FlashGraphic" preserve="nothing"/>
		<type fullname="SRF.UI.InheritColour" preserve="nothing"/>
		<type fullname="SRF.UI.Layout.FlowLayoutGroup" preserve="nothing"/>
		<type fullname="SRF.UI.Layout.VirtualVerticalLayoutGroup" preserve="nothing"/>
		<type fullname="SRF.UI.LongPressButton" preserve="nothing"/>
		<type fullname="SRF.UI.ResponsiveEnable" preserve="nothing"/>
		<type fullname="SRF.UI.ResponsiveResize" preserve="nothing"/>
		<type fullname="SRF.UI.SRNumberButton" preserve="nothing"/>
		<type fullname="SRF.UI.SRNumberSpinner" preserve="nothing"/>
		<type fullname="SRF.UI.SRRetinaScaler" preserve="nothing"/>
		<type fullname="SRF.UI.SRSpinner" preserve="nothing"/>
		<type fullname="SRF.UI.SRText" preserve="nothing"/>
		<type fullname="SRF.UI.ScrollToBottomBehaviour" preserve="nothing"/>
		<type fullname="SRF.UI.StyleComponent" preserve="nothing"/>
		<type fullname="SRF.UI.StyleRoot" preserve="nothing"/>
		<type fullname="SRF.UI.StyleSheet" preserve="nothing"/>
		<type fullname="SRF.UI.Unselectable" preserve="nothing"/>
		<type fullname="SV" preserve="nothing"/>
		<type fullname="SaberSoundEffectController" preserve="nothing"/>
		<type fullname="SaberSoundEffectController_Corona" preserve="nothing"/>
		<type fullname="SaberSwipeTouchController" preserve="nothing"/>
		<type fullname="SampleMusicController" preserve="nothing"/>
		<type fullname="SceneTransitionController" preserve="nothing"/>
		<type fullname="ScreenFader" preserve="nothing"/>
		<type fullname="Settings_Graphic" preserve="nothing"/>
		<type fullname="Settings_Panel" preserve="nothing"/>
		<type fullname="Settings_SFX" preserve="nothing"/>
		<type fullname="Settings_Vibration" preserve="nothing"/>
		<type fullname="ShareController" preserve="nothing"/>
		<type fullname="SingleSongListController" preserve="nothing"/>
		<type fullname="SongDataDownloader" preserve="nothing"/>
		<type fullname="SongGroupItem" preserve="nothing"/>
		<type fullname="SongItemController" preserve="nothing"/>
		<type fullname="SongMenuSV" preserve="nothing"/>
		<type fullname="SongMenu_UI" preserve="nothing"/>
		<type fullname="SongPageController" preserve="nothing"/>
		<type fullname="SongsData" preserve="nothing"/>
		<type fullname="SplashScreenController" preserve="nothing"/>
		<type fullname="SwipeAreaEffectController" preserve="nothing"/>
		<type fullname="SwipeArea_SignController" preserve="nothing"/>
		<type fullname="SwipeArea_SignController_4Direction" preserve="nothing"/>
		<type fullname="TVIconAnim" preserve="nothing"/>
		<type fullname="TestFFIIRREEBBAASSEE" preserve="nothing"/>
		<type fullname="TestScript" preserve="nothing"/>
		<type fullname="ThumbnailDownloader" preserve="nothing"/>
		<type fullname="TimeTableController" preserve="nothing"/>
		<type fullname="TopDiskController" preserve="nothing"/>
		<type fullname="TopDisk_VisualizerBar" preserve="nothing"/>
		<type fullname="UICONT_ONOFF" preserve="nothing"/>
		<type fullname="UI_DisableImage" preserve="nothing"/>
		<type fullname="UI_EndMenu_Controller" preserve="nothing"/>
		<type fullname="UI_FadeEffect" preserve="nothing"/>
		<type fullname="UI_GamePlay_Controller" preserve="nothing"/>
		<type fullname="UI_Obj_ScaleEffect" preserve="nothing"/>
		<type fullname="UI_Obj_ShakeEffect" preserve="nothing"/>
		<type fullname="UI_Orientation_EndMenu" preserve="nothing"/>
		<type fullname="UI_Orientation_GamePlay" preserve="nothing"/>
		<type fullname="UI_Orientation_SongMenu" preserve="nothing"/>
		<type fullname="UI_Orientation_SongMenu_Landscape" preserve="nothing"/>
		<type fullname="UI_Orientation_SongMenu_Portrait" preserve="nothing"/>
		<type fullname="UI_PerfectEffectController" preserve="nothing"/>
		<type fullname="UI_PlayPage" preserve="nothing"/>
		<type fullname="UI_SFX_Controller" preserve="nothing"/>
		<type fullname="UI_SongListController" preserve="nothing"/>
		<type fullname="UI_UnlockMenu_Controller" preserve="nothing"/>
		<type fullname="UI_UnlockPage" preserve="nothing"/>
		<type fullname="UnityAdsNetworkConfig" preserve="nothing"/>
		<type fullname="VungleNetworkConfig" preserve="nothing"/>
		<type fullname="XScoreController" preserve="nothing"/>
		<type fullname="starFxController" preserve="nothing"/>
	</assembly>
	<assembly fullname="DOTween">
		<type fullname="DG.Tweening.Core.DOTweenSettings" preserve="nothing"/>
	</assembly>
	<assembly fullname="Facebook.Unity.Settings">
		<type fullname="Facebook.Unity.Settings.FacebookSettings" preserve="nothing"/>
	</assembly>
	<assembly fullname="Unity.Addressables.Editor">
		<type fullname="UnityEditor.AddressableAssets.AddressableAssetSettingsDefaultObject" preserve="nothing"/>
		<type fullname="UnityEditor.AddressableAssets.Build.DataBuilders.BuildScriptFastMode" preserve="nothing"/>
		<type fullname="UnityEditor.AddressableAssets.Build.DataBuilders.BuildScriptPackedMode" preserve="nothing"/>
		<type fullname="UnityEditor.AddressableAssets.Build.DataBuilders.BuildScriptPackedPlayMode" preserve="nothing"/>
		<type fullname="UnityEditor.AddressableAssets.Build.DataBuilders.BuildScriptVirtualMode" preserve="nothing"/>
		<type fullname="UnityEditor.AddressableAssets.Settings.AddressableAssetGroup" preserve="nothing"/>
		<type fullname="UnityEditor.AddressableAssets.Settings.AddressableAssetGroupTemplate" preserve="nothing"/>
		<type fullname="UnityEditor.AddressableAssets.Settings.AddressableAssetSettings" preserve="nothing"/>
		<type fullname="UnityEditor.AddressableAssets.Settings.GroupSchemas.BundledAssetGroupSchema" preserve="nothing"/>
		<type fullname="UnityEditor.AddressableAssets.Settings.GroupSchemas.ContentUpdateGroupSchema" preserve="nothing"/>
		<type fullname="UnityEditor.AddressableAssets.Settings.GroupSchemas.PlayerDataGroupSchema" preserve="nothing"/>
	</assembly>
	<assembly fullname="Unity.Notifications">
		<type fullname="Unity.Notifications.UnityNotificationEditorManager" preserve="nothing"/>
	</assembly>
	<assembly fullname="Unity.Postprocessing.Runtime">
		<type fullname="UnityEngine.Rendering.PostProcessing.AmbientOcclusion" preserve="nothing"/>
		<type fullname="UnityEngine.Rendering.PostProcessing.AutoExposure" preserve="nothing"/>
		<type fullname="UnityEngine.Rendering.PostProcessing.Bloom" preserve="nothing"/>
		<type fullname="UnityEngine.Rendering.PostProcessing.ChromaticAberration" preserve="nothing"/>
		<type fullname="UnityEngine.Rendering.PostProcessing.ColorGrading" preserve="nothing"/>
		<type fullname="UnityEngine.Rendering.PostProcessing.DepthOfField" preserve="nothing"/>
		<type fullname="UnityEngine.Rendering.PostProcessing.Grain" preserve="nothing"/>
		<type fullname="UnityEngine.Rendering.PostProcessing.LensDistortion" preserve="nothing"/>
		<type fullname="UnityEngine.Rendering.PostProcessing.MotionBlur" preserve="nothing"/>
		<type fullname="UnityEngine.Rendering.PostProcessing.PostProcessLayer" preserve="nothing"/>
		<type fullname="UnityEngine.Rendering.PostProcessing.PostProcessProfile" preserve="nothing"/>
		<type fullname="UnityEngine.Rendering.PostProcessing.PostProcessResources" preserve="nothing"/>
		<type fullname="UnityEngine.Rendering.PostProcessing.PostProcessVolume" preserve="nothing"/>
		<type fullname="UnityEngine.Rendering.PostProcessing.ScreenSpaceReflections" preserve="nothing"/>
		<type fullname="UnityEngine.Rendering.PostProcessing.Vignette" preserve="nothing"/>
	</assembly>
	<assembly fullname="Unity.RenderPipelines.Lightweight.Runtime">
		<type fullname="UnityEngine.Rendering.LWRP.ForwardRendererData" preserve="nothing"/>
		<type fullname="UnityEngine.Rendering.LWRP.LWRPAdditionalCameraData" preserve="nothing"/>
		<type fullname="UnityEngine.Rendering.LWRP.LightweightRenderPipelineAsset" preserve="nothing"/>
		<type fullname="UnityEngine.Rendering.LWRP.LightweightRenderPipelineEditorResources" preserve="nothing"/>
	</assembly>
	<assembly fullname="Unity.TextMeshPro">
		<type fullname="TMPro.TMP_FontAsset" preserve="nothing"/>
		<type fullname="TMPro.TMP_Settings" preserve="nothing"/>
		<type fullname="TMPro.TMP_SpriteAsset" preserve="nothing"/>
		<type fullname="TMPro.TMP_StyleSheet" preserve="nothing"/>
		<type fullname="TMPro.TMP_SubMeshUI" preserve="nothing"/>
		<type fullname="TMPro.TextMeshPro" preserve="nothing"/>
		<type fullname="TMPro.TextMeshProUGUI" preserve="nothing"/>
	</assembly>
	<assembly fullname="UnityEditor.Graphs">
		<type fullname="UnityEditor.Graphs.AnimationBlendTree.Graph" preserve="nothing"/>
		<type fullname="UnityEditor.Graphs.AnimationBlendTree.GraphGUI" preserve="nothing"/>
		<type fullname="UnityEditor.Graphs.AnimationStateMachine.Graph" preserve="nothing"/>
		<type fullname="UnityEditor.Graphs.AnimationStateMachine.GraphGUI" preserve="nothing"/>
		<type fullname="UnityEditor.Graphs.AnimatorControllerTool" preserve="nothing"/>
	</assembly>
	<assembly fullname="UnityEditor.TestRunner">
		<type fullname="UnityEditor.TestTools.TestRunner.TestListCacheData" preserve="nothing"/>
	</assembly>
	<assembly fullname="UnityEngine.UI">
		<type fullname="UnityEngine.EventSystems.EventSystem" preserve="nothing"/>
		<type fullname="UnityEngine.EventSystems.EventTrigger" preserve="nothing"/>
		<type fullname="UnityEngine.EventSystems.StandaloneInputModule" preserve="nothing"/>
		<type fullname="UnityEngine.UI.Button" preserve="nothing"/>
		<type fullname="UnityEngine.UI.CanvasScaler" preserve="nothing"/>
		<type fullname="UnityEngine.UI.ContentSizeFitter" preserve="nothing"/>
		<type fullname="UnityEngine.UI.Dropdown" preserve="nothing"/>
		<type fullname="UnityEngine.UI.GraphicRaycaster" preserve="nothing"/>
		<type fullname="UnityEngine.UI.GridLayoutGroup" preserve="nothing"/>
		<type fullname="UnityEngine.UI.HorizontalLayoutGroup" preserve="nothing"/>
		<type fullname="UnityEngine.UI.Image" preserve="nothing"/>
		<type fullname="UnityEngine.UI.InputField" preserve="nothing"/>
		<type fullname="UnityEngine.UI.LayoutElement" preserve="nothing"/>
		<type fullname="UnityEngine.UI.Mask" preserve="nothing"/>
		<type fullname="UnityEngine.UI.RawImage" preserve="nothing"/>
		<type fullname="UnityEngine.UI.ScrollRect" preserve="nothing"/>
		<type fullname="UnityEngine.UI.Scrollbar" preserve="nothing"/>
		<type fullname="UnityEngine.UI.Shadow" preserve="nothing"/>
		<type fullname="UnityEngine.UI.Slider" preserve="nothing"/>
		<type fullname="UnityEngine.UI.Text" preserve="nothing"/>
		<type fullname="UnityEngine.UI.Toggle" preserve="nothing"/>
		<type fullname="UnityEngine.UI.VerticalLayoutGroup" preserve="nothing"/>
	</assembly>
	<assembly fullname="com.unity.multiplayer-hlapi.Runtime">
		<type fullname="UnityEngine.Networking.NetworkCallbacks" preserve="nothing"/>
		<type fullname="UnityEngine.Networking.NetworkIdentity" preserve="nothing"/>
	</assembly>
</linker>
